url,report_url,report_key,co2_grams,litres_water,energy_kwh,monthly_views,scrape_date,source,status,failed
https://cloudflare.com,https://www.websitecarbon.com/website/cloudflare-com/,cloudflare-com,0.91194099816727,0.50722158318063,0.0022604502970353,10000.0,2026-06-18T08:24:40.731880+00:00,websitecarbon,success,False
https://gstatic.com,https://www.websitecarbon.com/website/gstatic-com/,gstatic-com,0.0011179007686675,0.0006217764075328,2.7709677815437e-06,10000.0,2026-06-18T08:24:40.749279+00:00,websitecarbon,success,False
https://facebook.com,https://www.websitecarbon.com/website/facebook-com/,facebook-com,0.22465268294234,0.12495182225253,0.0004547625160776,10000.0,2026-06-18T08:24:42.302888+00:00,websitecarbon,success,False
https://googleapis.com,https://www.websitecarbon.com/website/googleapis-com/,googleapis-com,0.0010691372835543,0.0005946541571129,2.6500965468585e-06,10000.0,2026-06-18T08:24:42.338720+00:00,websitecarbon,success,False
https://microsoft.com,https://www.websitecarbon.com/website/microsoft-com-en-gb/,microsoft-com-en-gb,0.32329758172575,0.17981811495586,0.0006544485460035,10000.0,2026-06-18T08:24:42.328352+00:00,websitecarbon,success,False
https://youtube.com,https://www.websitecarbon.com/website/youtube-com/,youtube-com,0.33712009932781,0.18750619924613,0.0008356277765706,10000.0,2026-06-18T08:24:43.691547+00:00,websitecarbon,success,False
https://amazonaws.com,https://www.websitecarbon.com/website/aws-amazon-com/,aws-amazon-com,3.2771627562884,1.8227579250476,0.0066339327050373,10000.0,2026-06-18T08:24:43.719116+00:00,websitecarbon,success,False
https://apple.com,https://www.websitecarbon.com/website/apple-com/,apple-com,0.22449637302104,0.1248648826743,0.0004544460992328,10000.0,2026-06-18T08:24:43.729551+00:00,websitecarbon,success,False
https://instagram.com,https://www.websitecarbon.com/website/instagram-com/,instagram-com,0.3225455225911,0.17939981966517,0.0006529261590912,10000.0,2026-06-18T08:24:45.106196+00:00,websitecarbon,success,False
https://fbcdn.net,https://www.websitecarbon.com/website/facebook-com/,facebook-com,0.22465268294234,0.12495182225253,0.0004547625160776,10000.0,2026-06-18T08:24:46.478834+00:00,websitecarbon,success,False
https://twitter.com,https://www.websitecarbon.com/website/x-com/,x-com,0.25554942649202,0.14213659101486,0.0006334365690127,10000.0,2026-06-18T08:24:56.138756+00:00,websitecarbon,success,False
https://linkedin.com,https://www.websitecarbon.com/website/linkedin-com/,linkedin-com,0.088513931751251,0.049231448840046,0.0001791779994964,10000.0,2026-06-18T08:25:08.515632+00:00,websitecarbon,success,False
https://googletagmanager.com,https://www.websitecarbon.com/website/googletagmanager-com/,googletagmanager-com,0.0010707542228512,0.0005955534987498,2.6541044935584e-06,10000.0,2026-06-18T08:25:09.944020+00:00,websitecarbon,success,False
https://googlevideo.com,https://www.websitecarbon.com/website/google-com/,google-com,0.14811274592713,0.082380309284672,0.0003671306599862,10000.0,2026-06-18T08:25:11.336148+00:00,websitecarbon,success,False
https://office.com,https://www.websitecarbon.com/website/office-com/,office-com,0.34241147152148,0.19044926046025,0.0006931406306102,10000.0,2026-06-18T08:25:23.774954+00:00,websitecarbon,success,False
https://amazon.com,https://www.websitecarbon.com/website/amazon-com/,amazon-com,1.3736281418474,0.76401197249555,0.0027806237689219,10000.0,2026-06-18T08:25:33.462822+00:00,websitecarbon,success,False
https://azure.com,https://www.websitecarbon.com/website/azure-microsoft-com-en-us/,azure-microsoft-com-en-us,1.178538771146,0.65550326451139,0.0023857060144655,10000.0,2026-06-18T08:25:34.867815+00:00,websitecarbon,success,False
https://wikipedia.org,https://www.websitecarbon.com/website/wikipedia-org/,wikipedia-org,0.008400199376978,0.0046721908934752,1.7004452180117e-05,10000.0,2026-06-18T08:25:36.789997+00:00,websitecarbon,success,False
https://github.com,https://www.websitecarbon.com/website/github-com/,github-com,0.61640890407097,0.34284663244427,0.0012477913037874,10000.0,2026-06-18T08:25:38.284430+00:00,websitecarbon,success,False
https://whatsapp.net,https://www.websitecarbon.com/website/whatsapp-com/,whatsapp-com,0.69428761298396,0.38616277034168,0.0014054405121133,10000.0,2026-06-18T08:26:14.298129+00:00,websitecarbon,success,False
https://fastly.net,https://www.websitecarbon.com/website/fastly-com/,fastly-com,0.21975966137275,0.12223032365552,0.0004448576141148,10000.0,2026-06-18T08:26:15.758230+00:00,websitecarbon,success,False
https://googleusercontent.com,https://www.websitecarbon.com/website/googleusercontent-com/,googleusercontent-com,0.0010781581027899,0.0005996715367717,2.6724566705525e-06,10000.0,2026-06-18T08:26:17.170497+00:00,websitecarbon,success,False
https://netflix.com,https://www.websitecarbon.com/website/netflix-com/,netflix-com,0.46709124658909,0.25979615135285,0.0009455288392491,10000.0,2026-06-18T08:26:44.334668+00:00,websitecarbon,success,False
https://wordpress.org,https://www.websitecarbon.com/website/wordpress-org/,wordpress-org,0.35680125866923,0.19845286007183,0.0007222697543911,10000.0,2026-06-18T08:27:09.094803+00:00,websitecarbon,success,False
https://digicert.com,https://www.websitecarbon.com/website/digicert-com/,digicert-com,0.28349503178056,0.15767993667635,0.0005738765825517,10000.0,2026-06-18T08:27:26.218497+00:00,websitecarbon,success,False
https://youtu.be,https://www.websitecarbon.com/website/youtube-com-featureyoutu-be/,youtube-com-featureyoutu-be,0.32671909474917,0.18172116049949,0.0008098465539515,10000.0,2026-06-18T08:27:56.224751+00:00,websitecarbon,success,False
https://pinterest.com,https://www.websitecarbon.com/website/pinterest-com/,pinterest-com,0.77887483109906,0.4332101810573,0.0015766696985811,10000.0,2026-06-18T08:28:03.903979+00:00,websitecarbon,success,False
https://gandi.net,https://www.websitecarbon.com/website/gandi-net-en/,gandi-net-en,0.031501034231856,0.017520875239759,6.3767275772989e-05,10000.0,2026-06-18T08:27:58.962630+00:00,websitecarbon,success,False
https://goo.gl,https://www.websitecarbon.com/website/goo-gl/,goo-gl,0.0006889863446354,0.0003832142048862,1.7078071832657e-06,10000.0,2026-06-18T08:28:14.625423+00:00,websitecarbon,success,False
https://whatsapp.com,https://www.websitecarbon.com/website/whatsapp-com/,whatsapp-com,0.69428761298396,0.38616277034168,0.0014054405121133,10000.0,2026-06-18T08:28:26.267949+00:00,websitecarbon,success,False
https://x.com,https://www.websitecarbon.com/website/x-com/,x-com,0.25554942649202,0.14213659101486,0.0006334365690127,10000.0,2026-06-18T08:28:27.647919+00:00,websitecarbon,success,False
https://yahoo.com,https://www.websitecarbon.com/website/yahoo-com/,yahoo-com,0.9089434428066,0.50555434288903,0.0018399664834142,10000.0,2026-06-18T08:28:29.015975+00:00,websitecarbon,success,False
https://googlesyndication.com,https://www.websitecarbon.com/website/google-com/,google-com,0.14811274592713,0.082380309284672,0.0003671306599862,10000.0,2026-06-18T08:28:30.418792+00:00,websitecarbon,success,False
https://icloud.com,https://www.websitecarbon.com/website/icloud-com/,icloud-com,0.38479271834157,0.21402170994158,0.0007789326282218,10000.0,2026-06-18T08:28:50.933001+00:00,websitecarbon,success,False
https://tiktok.com,https://www.websitecarbon.com/website/tiktok-com-explore/,tiktok-com-explore,0.61285452066734,0.34086968439518,0.0012405961956829,10000.0,2026-06-18T08:28:53.323011+00:00,websitecarbon,success,False
https://msn.com,https://www.websitecarbon.com/website/msn-com-en-gb/,msn-com-en-gb,0.56550887074694,0.31453603390945,0.0011447547990829,10000.0,2026-06-18T08:28:54.703166+00:00,websitecarbon,success,False
https://spotify.com,https://www.websitecarbon.com/website/open-spotify-com/,open-spotify-com,0.6493888385715,0.36119007201347,0.0013145523048006,10000.0,2026-06-18T08:28:56.115233+00:00,websitecarbon,success,False
https://adobe.com,https://www.websitecarbon.com/website/adobe-com/,adobe-com,0.51123150105681,0.2843469608878,0.0010348815810867,10000.0,2026-06-18T08:29:18.904196+00:00,websitecarbon,success,False
https://wa.me,https://www.websitecarbon.com/website/wa-me/,wa-me,0.053785618677735,0.029915561108556,0.0001088777706027,10000.0,2026-06-18T08:29:33.845320+00:00,websitecarbon,success,False
https://roblox.com,https://www.websitecarbon.com/website/roblox-com/,roblox-com,0.42337271628901,0.23547990479995,0.0008570297900587,10000.0,2026-06-18T08:29:44.415184+00:00,websitecarbon,success,False
https://chatgpt.com,https://www.websitecarbon.com/website/chatgpt-com/,chatgpt-com,0.45033614645032,0.25047696465567,0.0011162591418251,10000.0,2026-06-18T08:29:45.806071+00:00,websitecarbon,success,False
https://vimeo.com,https://www.websitecarbon.com/website/vimeo-com/,vimeo-com,2.5027815332274,1.3920470887811,0.0062037053620443,10000.0,2026-06-18T08:29:47.185922+00:00,websitecarbon,success,False
https://ntp.org,https://www.websitecarbon.com/website/ntp-org/,ntp-org,0.060009567123838,0.033377321234279,0.0001214768565259,10000.0,2026-06-18T08:29:20.270307+00:00,websitecarbon,success,False
https://zoom.us,https://www.websitecarbon.com/website/zoom-com/,zoom-com,0.90358076202683,0.50257161983932,0.0018291108543053,10000.0,2026-06-18T08:30:21.142285+00:00,websitecarbon,success,False
https://qq.com,https://www.websitecarbon.com/website/qq-com/,qq-com,0.6364455434354,0.35399101125877,0.0012883513025008,10000.0,2026-06-18T08:30:31.835230+00:00,websitecarbon,success,False
https://baidu.com,https://www.websitecarbon.com/website/baidu-com/,baidu-com,0.23883020121697,0.13283735791688,0.0004834619457833,10000.0,2026-06-18T08:31:10.674860+00:00,websitecarbon,success,False
https://tiktokv.com,https://www.websitecarbon.com/website/tiktokv-com/,tiktokv-com,0.0001443261606618,8.0274210560136e-05,2.9215821996331e-07,10000.0,2026-06-18T08:31:04.761803+00:00,websitecarbon,success,False
https://yandex.net,https://www.websitecarbon.com/website/ya-ru/,ya-ru,0.042164497062564,0.023451893266198,8.535323292017e-05,10000.0,2026-06-18T08:31:12.076470+00:00,websitecarbon,success,False
https://nginx.org,https://www.websitecarbon.com/website/nginx-org/,nginx-org,0.0042675734711811,0.0023736243646709,8.6388126946986e-06,10000.0,2026-06-18T08:31:33.991285+00:00,websitecarbon,success,False
https://mozilla.org,https://www.websitecarbon.com/website/mozilla-org/,mozilla-org,0.048382714144886,0.026910465607385,9.7940716892481e-05,10000.0,2026-06-18T08:31:52.330999+00:00,websitecarbon,success,False
https://opera.com,https://www.websitecarbon.com/website/opera-com/,opera-com,0.317717734362,0.17671460385214,0.0006431533084251,10000.0,2026-06-18T08:32:16.056522+00:00,websitecarbon,success,False
https://nic.ru,https://www.websitecarbon.com/website/nic-ru/,nic-ru,0.44811376325134,0.2492408751204,0.0009071128810755,10000.0,2026-06-18T08:31:53.728324+00:00,websitecarbon,success,False
https://samsung.com,https://www.websitecarbon.com/website/samsung-com-uk/,samsung-com-uk,0.4665936600063,0.2595193936955,0.0009445215789601,10000.0,2026-06-18T08:32:21.203200+00:00,websitecarbon,success,False
https://sentry.io,https://www.websitecarbon.com/website/sentry-io-welcome/,sentry-io-welcome,2.2414964826408,1.2467203436448,0.0055560517623089,10000.0,2026-06-18T08:32:33.472848+00:00,websitecarbon,success,False
https://wordpress.com,https://www.websitecarbon.com/website/wordpress-com/,wordpress-com,0.36009710546304,0.20028601005854,0.0007289415090344,10000.0,2026-06-18T08:32:34.875681+00:00,websitecarbon,success,False
https://reddit.com,https://www.websitecarbon.com/website/reddit-com/,reddit-com,0.26390866919607,0.14678600180685,0.0005342280752956,10000.0,2026-06-18T08:32:36.254587+00:00,websitecarbon,success,False
https://ui.com,https://www.websitecarbon.com/website/ui-com/,ui-com,1.0797946676658,0.60058179415574,0.0021858191653155,10000.0,2026-06-18T08:33:26.884553+00:00,websitecarbon,success,False
https://t.me,https://www.websitecarbon.com/website/telegram-org/,telegram-org,0.22926945277769,0.12751966963495,0.0004641082040034,10000.0,2026-06-18T08:33:51.390442+00:00,websitecarbon,success,False
https://bit.ly,https://www.websitecarbon.com/website/bitly-com/,bitly-com,0.49879862554804,0.27743179552982,0.0012363842655905,10000.0,2026-06-18T08:33:32.582101+00:00,websitecarbon,success,False
https://office365.com,https://www.websitecarbon.com/website/office365-com/,office365-com,0.0002143530054017,0.0001192231416044,4.3391296640038e-07,10000.0,2026-06-18T08:33:52.827986+00:00,websitecarbon,success,False
https://discord.gg,https://www.websitecarbon.com/website/discord-com/,discord-com,1.1390373140551,0.63353255407743,0.0028233594498597,10000.0,2026-06-18T08:33:27.388960+00:00,websitecarbon,success,False
https://europa.eu,https://www.websitecarbon.com/website/european-union-europa-eu-index_en/,european-union-europa-eu-index_en,0.16257711548544,0.090425391633004,0.0003291034726426,10000.0,2026-06-18T08:34:09.874355+00:00,websitecarbon,success,False
https://vk.com,https://www.websitecarbon.com/website/vk-com/,vk-com,0.40102602470107,0.22305067493874,0.0008117935722693,10000.0,2026-06-18T08:34:11.032412+00:00,websitecarbon,success,False
https://b-cdn.net,https://www.websitecarbon.com/website/bunny-net/,bunny-net,1.0371900516985,0.57688510675468,0.0027066546234302,10000.0,2026-06-18T08:34:12.413524+00:00,websitecarbon,success,False
https://criteo.com,https://www.websitecarbon.com/website/criteo-com/,criteo-com,0.55422965103295,0.30826253190453,0.001121922370512,10000.0,2026-06-18T08:34:03.162652+00:00,websitecarbon,success,False
https://googleadservices.com,https://www.websitecarbon.com/website/googleadservices-com/,googleadservices-com,0.0010761156531516,0.0005985355262829,2.6673940010369e-06,10000.0,2026-06-18T08:34:55.266775+00:00,websitecarbon,success,False
https://snapchat.com,https://www.websitecarbon.com/website/snapchat-com/,snapchat-com,1.5553149319711,0.86506616516231,0.0038551968899556,10000.0,2026-06-18T08:35:05.614896+00:00,websitecarbon,success,False
https://epicgames.com,https://www.websitecarbon.com/website/store-epicgames-com-en-us/,store-epicgames-com-en-us,0.34070783232152,0.18950169633723,0.0008445207774639,10000.0,2026-06-18T08:35:06.990140+00:00,websitecarbon,success,False
https://github.io,https://www.websitecarbon.com/website/docs-github-com-en-pages/,docs-github-com-en-pages,0.064464087260887,0.035854925334505,0.0001304941037669,10000.0,2026-06-18T08:35:01.399422+00:00,websitecarbon,success,False
https://app-measurement.com,https://www.websitecarbon.com/website/app-measurement-com/,app-measurement-com,0.0010762007552199,0.0005985828600533,2.6676049456e-06,10000.0,2026-06-18T08:35:08.373770+00:00,websitecarbon,success,False
https://apache.org,https://www.websitecarbon.com/website/apache-org/,apache-org,0.1653118096618,0.091946428533892,0.0003346392908133,10000.0,2026-06-18T08:35:17.106679+00:00,websitecarbon,success,False
https://mailinabox.email,https://www.websitecarbon.com/website/mailinabox-email/,mailinabox-email,0.22030361989886,0.12253287338774,0.0004459587447345,10000.0,2026-06-18T08:36:00.494854+00:00,websitecarbon,success,False
https://dns.google,https://www.websitecarbon.com/website/dns-google/,dns-google,0.0031658820413519,0.0017608635913999,7.8473486937582e-06,10000.0,2026-06-18T08:36:15.087119+00:00,websitecarbon,success,False
https://app-analytics-services.com,https://www.websitecarbon.com/website/app-analytics-services-com/,app-analytics-services-com,0.0010692223856226,0.0005947014908832,2.6503074914217e-06,10000.0,2026-06-18T08:36:26.628758+00:00,websitecarbon,success,False
https://nih.gov,https://www.websitecarbon.com/website/nih-gov/,nih-gov,0.060830506830476,0.033833927899111,0.0001231386777944,10000.0,2026-06-18T08:35:18.549396+00:00,websitecarbon,success,False
https://kaspersky.com,https://www.websitecarbon.com/website/kaspersky-com/,kaspersky-com,0.39764879254159,0.22117225841163,0.0008049570699222,10000.0,2026-06-18T08:36:42.187589+00:00,websitecarbon,success,False
https://gravatar.com,https://www.websitecarbon.com/website/gravatar-com/,gravatar-com,0.55651552732196,0.30953393629647,0.0011265496504493,10000.0,2026-06-18T08:37:13.817254+00:00,websitecarbon,success,False
https://dropbox.com,https://www.websitecarbon.com/website/dropbox-com/,dropbox-com,0.58489338511974,0.3253177008036,0.0011839947067201,10000.0,2026-06-18T08:37:33.059355+00:00,websitecarbon,success,False
https://godaddy.com,https://www.websitecarbon.com/website/godaddy-com-en-uk/,godaddy-com-en-uk,0.54040237118863,0.30057179885511,0.001093931925483,10000.0,2026-06-18T08:38:31.255169+00:00,websitecarbon,success,False
https://intuit.com,https://www.websitecarbon.com/website/intuit-com/,intuit-com,0.28919502937049,0.16085027533586,0.0005854150392115,10000.0,2026-06-18T08:37:29.514482+00:00,websitecarbon,success,False
https://archive.org,https://www.websitecarbon.com/website/archive-org/,archive-org,0.049917469158769,0.027764096346107,0.0001010475084185,10000.0,2026-06-18T08:39:47.550551+00:00,websitecarbon,success,False
https://f5.com,https://www.websitecarbon.com/website/f5-com/,f5-com,0.54394800123665,0.30254387828783,0.0011011093142442,10000.0,2026-06-18T08:37:54.613914+00:00,websitecarbon,success,False
https://reg.ru,https://www.websitecarbon.com/website/reg-ru/,reg-ru,0.4490449535558,0.24975880316774,0.0009089978816919,10000.0,2026-06-18T08:40:03.193663+00:00,websitecarbon,success,False
https://nytimes.com,https://www.websitecarbon.com/website/nytimes-com/,nytimes-com,0.81504109124187,0.45332585494873,0.0016498807515018,10000.0,2026-06-18T08:40:11.761476+00:00,websitecarbon,success,False
https://tumblr.com,https://www.websitecarbon.com/website/tumblr-com/,tumblr-com,3.6616652592095,2.0366182171723,0.0074122778526507,10000.0,2026-06-18T08:40:13.178992+00:00,websitecarbon,success,False
https://paypal.com,https://www.websitecarbon.com/website/paypal-com-us-home/,paypal-com-us-home,0.23229503103369,0.12920249626094,0.0005757953342981,10000.0,2026-06-18T08:40:58.092408+00:00,websitecarbon,success,False
https://discord.com,https://www.websitecarbon.com/website/discord-com/,discord-com,1.1390373140551,0.63353255407743,0.0028233594498597,10000.0,2026-06-18T08:41:35.212389+00:00,websitecarbon,success,False
https://shopify.com,https://www.websitecarbon.com/website/shopify-com/,shopify-com,0.38333384137382,0.21321028257212,0.0009501789011992,10000.0,2026-06-18T08:41:36.628050+00:00,websitecarbon,success,False
https://one.one,https://www.websitecarbon.com/website/one-com/,one-com,0.025506027717143,0.014186452616275,5.1631635054946e-05,10000.0,2026-06-18T08:41:34.024100+00:00,websitecarbon,success,False
https://aliyuncs.com,https://www.websitecarbon.com/website/aliyuncs-com/,aliyuncs-com,8.2323225215077e-05,4.5788177864626e-05,1.6664620488882e-07,10000.0,2026-06-18T08:41:38.020893+00:00,websitecarbon,success,False
https://userapi.com,https://www.websitecarbon.com/website/vk-com/,vk-com,0.40102602470107,0.22305067493874,0.0008117935722693,10000.0,2026-06-18T08:43:26.683958+00:00,websitecarbon,success,False
https://soundcloud.com,https://www.websitecarbon.com/website/soundcloud-com/,soundcloud-com,0.50612579378765,0.28150716650469,0.0010245461412705,10000.0,2026-06-18T08:44:35.389578+00:00,websitecarbon,success,False
https://medium.com,https://www.websitecarbon.com/website/medium-com/,medium-com,0.17216012245752,0.095755460110872,0.0004267374761402,10000.0,2026-06-18T08:45:24.828170+00:00,websitecarbon,success,False
https://w3.org,https://www.websitecarbon.com/website/w3-org/,w3-org,0.059829477253184,0.033277155248221,0.0001483007781207,10000.0,2026-06-18T08:45:27.733642+00:00,websitecarbon,success,False
https://example.com,https://www.websitecarbon.com/website/example-com/,example-com,5.2167567843571e-05,2.9015601234594e-05,1.293090172112e-07,10000.0,2026-06-18T08:45:57.328157+00:00,websitecarbon,success,False
https://webex.com,https://www.websitecarbon.com/website/webex-com/,webex-com,4.0142940850463,2.2327503701027,0.0081261013867334,10000.0,2026-06-18T08:45:26.219189+00:00,websitecarbon,success,False
https://theguardian.com,https://www.websitecarbon.com/website/theguardian-com-us/,theguardian-com-us,0.34821880192403,0.19367929763014,0.0007048963601701,10000.0,2026-06-18T08:46:47.361108+00:00,websitecarbon,success,False
https://taboola.com,https://www.websitecarbon.com/website/taboola-com/,taboola-com,1.0193352405885,0.56695426081534,0.0020634316611104,10000.0,2026-06-18T08:46:02.773616+00:00,websitecarbon,success,False
https://cnn.com,https://www.websitecarbon.com/website/cnn-com/,cnn-com,1.1650756934183,0.64801510067924,0.0023584528206848,10000.0,2026-06-18T08:46:48.731967+00:00,websitecarbon,success,False
https://oracle.com,https://www.websitecarbon.com/website/oracle-com/,oracle-com,0.15772900696658,0.08772887367481,0.0003192894877865,10000.0,2026-06-18T08:47:27.423571+00:00,websitecarbon,success,False
https://forbes.com,https://www.websitecarbon.com/website/forbes-com/,forbes-com,1.01804808049,0.56623834236852,0.0020608260738663,10000.0,2026-06-18T08:47:31.712453+00:00,websitecarbon,success,False
https://creativecommons.org,https://www.websitecarbon.com/website/creativecommons-org/,creativecommons-org,2.0062765786231,1.1158910330302,0.0049730064743198,10000.0,2026-06-18T08:47:33.082891+00:00,websitecarbon,success,False
https://ozon.ru,https://www.websitecarbon.com/website/ozon-ru/,ozon-ru,0.40380337075431,0.22459543481355,0.0010537666251417,10000.0,2026-06-18T08:48:39.334879+00:00,websitecarbon,success,False
https://bbc.com,https://www.websitecarbon.com/website/bbc-com/,bbc-com,0.42568370637204,0.23676527748413,0.0008617079076357,10000.0,2026-06-18T08:48:40.709585+00:00,websitecarbon,success,False
https://cpanel.net,https://www.websitecarbon.com/website/cpanel-net/,cpanel-net,0.1495792247674,0.083195964815626,0.0003707656566985,10000.0,2026-06-18T08:48:42.081355+00:00,websitecarbon,success,False
https://pubmatic.com,https://www.websitecarbon.com/website/pubmatic-com/,pubmatic-com,0.68234751492273,0.37952168780002,0.0013812702731229,10000.0,2026-06-18T08:48:43.445386+00:00,websitecarbon,success,False
https://ebay.com,https://www.websitecarbon.com/website/ebay-com/,ebay-com,0.47534670297895,0.26438783619689,0.000962240289431,10000.0,2026-06-18T08:49:51.247777+00:00,websitecarbon,success,False
https://youtube-nocookie.com,https://www.websitecarbon.com/website/youtube-nocookie-com/,youtube-nocookie-com,0.0006614983765874,0.0003679253970579,1.6396720893681e-06,10000.0,2026-06-18T08:49:44.330744+00:00,websitecarbon,success,False
https://twitch.tv,https://www.websitecarbon.com/website/twitch-tv/,twitch-tv,0.39161908522435,0.21781853520178,0.0007927511846646,10000.0,2026-06-18T08:49:54.248574+00:00,websitecarbon,success,False
https://pki.goog,https://www.websitecarbon.com/website/pki-goog/,pki-goog,0.15323206084333,0.085227672241062,0.0003798200301826,10000.0,2026-06-18T08:49:55.637959+00:00,websitecarbon,success,False
https://t.co,https://www.websitecarbon.com/website/t-co/,t-co,0.0003711301196832,0.0002064225725678,9.1992923989892e-07,10000.0,2026-06-18T08:50:08.301193+00:00,websitecarbon,success,False
https://t-online.de,https://www.websitecarbon.com/website/t-online-de/,t-online-de,0.22456379470043,0.12490238261238,0.0004545825803652,10000.0,2026-06-18T08:50:18.921627+00:00,websitecarbon,success,False
https://doi.org,https://www.websitecarbon.com/website/doi-org/,doi-org,0.10509569287119,0.058454224374953,0.0002605032459832,10000.0,2026-06-18T08:50:20.353855+00:00,websitecarbon,success,False
https://researchgate.net,https://www.websitecarbon.com/website/researchgate-net/,researchgate-net,0.14262970477119,0.079330641793736,0.000353539712727,10000.0,2026-06-18T08:50:36.691197+00:00,websitecarbon,success,False
https://bbc.co.uk,https://www.websitecarbon.com/website/bbc-com/,bbc-com,0.42568370637204,0.23676527748413,0.0008617079076357,10000.0,2026-06-18T08:50:38.106560+00:00,websitecarbon,success,False
https://cisco.com,https://www.websitecarbon.com/website/cisco-com/,cisco-com,1.1819095424954,0.65737808753593,0.0023925294382498,10000.0,2026-06-18T08:51:00.283688+00:00,websitecarbon,success,False
https://sourceforge.net,https://www.websitecarbon.com/website/sourceforge-net/,sourceforge-net,0.16509333181125,0.091824911153418,0.0004092208505608,10000.0,2026-06-18T08:51:01.732950+00:00,websitecarbon,success,False
https://android.com,https://www.websitecarbon.com/website/android-com/,android-com,0.36801963908831,0.20469252326092,0.0009122192161157,10000.0,2026-06-18T08:51:17.421843+00:00,websitecarbon,success,False
https://oxylabs.io,https://www.websitecarbon.com/website/oxylabs-io/,oxylabs-io,1.1939956340231,0.66410037164365,0.0029595859721303,10000.0,2026-06-18T08:50:50.345697+00:00,websitecarbon,success,False
https://canva.com,https://www.websitecarbon.com/website/canva-com/,canva-com,0.19495879634032,0.10843608252449,0.0004832491027191,10000.0,2026-06-18T08:51:21.786168+00:00,websitecarbon,success,False
https://imdb.com,https://www.websitecarbon.com/website/imdb-com/,imdb-com,0.0001034771678969,5.755400078427e-05,2.0946795120835e-07,10000.0,2026-06-18T08:51:23.260590+00:00,websitecarbon,success,False
https://ubuntu.com,https://www.websitecarbon.com/website/ubuntu-com/,ubuntu-com,0.32125102634691,0.17867982085415,0.0007268122768029,10000.0,2026-06-18T08:51:24.625956+00:00,websitecarbon,success,False
https://adsrvr.org,https://www.websitecarbon.com/website/adsrvr-org/,adsrvr-org,0.048238596397452,0.026830307316263,9.7648980561644e-05,10000.0,2026-06-18T08:51:26.015827+00:00,websitecarbon,success,False
https://nist.gov,https://www.websitecarbon.com/website/nist-gov/,nist-gov,0.1976366180202,0.10992548694283,0.0004898866843432,10000.0,2026-06-18T08:51:13.381770+00:00,websitecarbon,success,False
https://adnxs.com,https://www.websitecarbon.com/website/adnxs-com/,adnxs-com,3.3554529771209e-05,1.8663029458746e-05,6.7924149334431e-08,10000.0,2026-06-18T08:51:52.003306+00:00,websitecarbon,success,False
https://stripe.com,https://www.websitecarbon.com/website/stripe-com/,stripe-com,0.16084968244191,0.089464593374192,0.0003256066446192,10000.0,2026-06-18T08:52:27.392293+00:00,websitecarbon,success,False
https://roku.com,https://www.websitecarbon.com/website/roku-com/,roku-com,0.15730606705509,0.087493634496042,0.0003899183683097,10000.0,2026-06-18T08:53:23.339311+00:00,websitecarbon,success,False
https://pages.dev,https://www.websitecarbon.com/website/pages-cloudflare-com/,pages-cloudflare-com,0.13449672652982,0.074807079295887,0.0003509831068106,10000.0,2026-06-18T08:53:24.756373+00:00,websitecarbon,success,False
https://telegram.org,https://www.websitecarbon.com/website/telegram-org/,telegram-org,0.22926945277769,0.12751966963495,0.0004641082040034,10000.0,2026-06-18T08:53:39.417308+00:00,websitecarbon,success,False
https://who.int,https://www.websitecarbon.com/website/who-int/,who-int,0.0011440844172612,0.0006363397528806,2.3159603588283e-06,10000.0,2026-06-18T08:53:40.271521+00:00,websitecarbon,success,False
https://openai.com,https://www.websitecarbon.com/website/openai-com/,openai-com,0.50868663485921,0.28293150630869,0.0012608939143829,10000.0,2026-06-18T08:54:30.593299+00:00,websitecarbon,success,False
https://linktr.ee,https://www.websitecarbon.com/website/linktr-ee/,linktr-ee,1.3639018090982,0.75860218622042,0.0027609348362312,10000.0,2026-06-18T08:55:04.320106+00:00,websitecarbon,success,False
https://booking.com,https://www.websitecarbon.com/website/booking-com/,booking-com,0.43836075360887,0.24381625115725,0.0008873699465766,10000.0,2026-06-18T08:55:05.747811+00:00,websitecarbon,success,False
https://hubspot.com,https://www.websitecarbon.com/website/hubspot-com/,hubspot-com,0.2884840971129,0.1604548548142,0.000715072536841,10000.0,2026-06-18T08:53:40.789315+00:00,websitecarbon,success,False
https://forter.com,https://www.websitecarbon.com/website/forter-com/,forter-com,0.2150871409988,0.11963146782353,0.0004353990708477,10000.0,2026-06-18T08:55:39.338149+00:00,websitecarbon,success,False
https://wikimedia.org,https://www.websitecarbon.com/website/wikimedia-org/,wikimedia-org,0.015174983985722,0.0084403260928586,3.0718591064215e-05,10000.0,2026-06-18T08:57:15.915296+00:00,websitecarbon,success,False
https://dropcatch.com,https://www.websitecarbon.com/website/dropcatch-com/,dropcatch-com,0.24692952310001,0.13734220074822,0.0006120702051557,10000.0,2026-06-18T08:56:57.128490+00:00,websitecarbon,success,False
https://launchpad.net,https://www.websitecarbon.com/website/launchpad-net/,launchpad-net,0.042583616064861,0.023685007255276,8.6201651953161e-05,10000.0,2026-06-18T08:57:15.640400+00:00,websitecarbon,success,False
https://doubleverify.com,https://www.websitecarbon.com/website/doubleverify-com/,doubleverify-com,1.7758857845217,0.98774767335097,0.0035949104949832,10000.0,2026-06-18T08:57:29.509654+00:00,websitecarbon,success,False
https://salesforce.com,https://www.websitecarbon.com/website/salesforce-com-bcsm/,salesforce-com-bcsm,0.52116093249712,0.2898697106549,0.001054981644731,10000.0,2026-06-18T08:58:35.932732+00:00,websitecarbon,success,False
https://reuters.com,https://www.websitecarbon.com/website/reuters-com/,reuters-com,0.033294221648946,0.018518246081144,6.7397209815681e-05,10000.0,2026-06-18T08:58:43.855929+00:00,websitecarbon,success,False
https://afternic.com,https://www.websitecarbon.com/website/afternic-com/,afternic-com,0.15470659832843,0.086047809990271,0.0003131712516769,10000.0,2026-06-18T08:58:29.788962+00:00,websitecarbon,success,False
https://mozilla.com,https://www.websitecarbon.com/website/firefox-com/,firefox-com,0.057315562156774,0.031878915671598,0.0001420694757252,10000.0,2026-06-18T08:58:54.387165+00:00,websitecarbon,success,False
https://tinyurl.com,https://www.websitecarbon.com/website/tinyurl-com/,tinyurl-com,0.58436815946931,0.32502557029683,0.0014484875472263,10000.0,2026-06-18T08:58:37.385889+00:00,websitecarbon,success,False
https://samsungcloud.com,https://www.websitecarbon.com/website/samsungcloud-com/,samsungcloud-com,0.30303168781009,0.16854622475997,0.0006134244692511,10000.0,2026-06-18T08:59:02.460278+00:00,websitecarbon,success,False
https://hcaptcha.com,https://www.websitecarbon.com/website/hcaptcha-com/,hcaptcha-com,0.13952245805487,0.077602391170119,0.0003458377048373,10000.0,2026-06-18T08:59:34.257211+00:00,websitecarbon,success,False
https://inmobi.com,https://www.websitecarbon.com/website/inmobi-com/,inmobi-com,0.17521690364736,0.097455641808662,0.000434314393904,10000.0,2026-06-18T08:59:21.611991+00:00,websitecarbon,success,False
https://mzstatic.com,https://www.websitecarbon.com/website/apple-com/,apple-com,0.22449637302104,0.1248648826743,0.0004544460992328,10000.0,2026-06-18T08:59:44.975627+00:00,websitecarbon,success,False
https://www.gov.uk,https://www.websitecarbon.com/website/gov-uk/,gov-uk,0.021498866574839,0.011957669588925,4.351997282356e-05,10000.0,2026-06-18T09:00:00.780259+00:00,websitecarbon,success,False
https://myshopify.com,https://www.websitecarbon.com/website/myshopify-com/,myshopify-com,0.0066816186853219,0.003716316312776,1.6561890486628e-05,10000.0,2026-06-18T08:59:52.701318+00:00,websitecarbon,success,False
https://alibaba.com,https://www.websitecarbon.com/website/alibaba-com/,alibaba-com,0.92317587796692,0.5134704233252,0.0018687770809047,10000.0,2026-06-18T09:00:32.225064+00:00,websitecarbon,success,False
https://dnsmadeeasy.com,https://www.websitecarbon.com/website/dnsmadeeasy-com/,dnsmadeeasy-com,0.21526450065617,0.11973011526496,0.0004357580984942,10000.0,2026-06-18T09:00:11.802822+00:00,websitecarbon,success,False
https://nature.com,https://www.websitecarbon.com/website/nature-com/,nature-com,0.17443176412303,0.097018947205229,0.0003531007370911,10000.0,2026-06-18T09:00:40.014465+00:00,websitecarbon,success,False
https://flickr.com,https://www.websitecarbon.com/website/flickr-com/,flickr-com,0.68268629062548,0.37971011484589,0.0013819560538977,10000.0,2026-06-18T09:16:35.201815+00:00,websitecarbon,success,False
https://duckdns.org,https://www.websitecarbon.com/website/duckdns-org/,duckdns-org,0.0760040319236,0.042273442555906,0.0001538543156348,10000.0,2026-06-18T09:28:57.292446+00:00,websitecarbon,success,False
https://etsy.com,https://www.websitecarbon.com/website/etsy-com/,etsy-com,0.026327280043624,0.014643233160264,5.3294089157134e-05,10000.0,2026-06-18T09:29:10.598569+00:00,websitecarbon,success,False
https://triplinkintl.com,https://www.websitecarbon.com/website/triplinkintl-com/,triplinkintl-com,0.074141755521297,0.041237644420946,0.0001500845253467,10000.0,2026-06-18T09:28:56.646579+00:00,websitecarbon,success,False
https://harvard.edu,https://www.websitecarbon.com/website/harvard-edu/,harvard-edu,0.20937745219376,0.11645573891017,0.0004238409963436,10000.0,2026-06-18T09:29:17.995159+00:00,websitecarbon,success,False
https://steampowered.com,https://www.websitecarbon.com/website/store-steampowered-com/,store-steampowered-com,2.0799801713834,1.1568849713234,0.0042104861768894,10000.0,2026-06-18T09:29:35.292802+00:00,websitecarbon,success,False
https://appsflyer.com,https://www.websitecarbon.com/website/appsflyer-com/,appsflyer-com,4.3031921255663,2.39343546024,0.0087109152339399,10000.0,2026-06-18T09:29:19.432761+00:00,websitecarbon,success,False
https://amazon.co.uk,https://www.websitecarbon.com/website/amazon-co-uk/,amazon-co-uk,1.4542062188946,0.80882949894916,0.0029437372852117,10000.0,2026-06-18T09:30:06.108109+00:00,websitecarbon,success,False
https://php.net,https://www.websitecarbon.com/website/php-net/,php-net,0.094799987339415,0.052727752958182,0.0001919028083793,10000.0,2026-06-18T09:30:07.499736+00:00,websitecarbon,success,False
https://media.net,https://www.websitecarbon.com/website/media-net/,media-net,0.82512881252915,0.45893664552871,0.0016703012399375,10000.0,2026-06-18T09:30:08.937652+00:00,websitecarbon,success,False
https://drom.ru,https://www.websitecarbon.com/website/drom-ru/,drom-ru,0.15854900881369,0.088184958702173,0.000320949410554,10000.0,2026-06-18T09:30:05.644914+00:00,websitecarbon,success,False
https://ok.ru,https://www.websitecarbon.com/website/ok-ru/,ok-ru,0.66302187728696,0.368772768147,0.0013421495491639,10000.0,2026-06-18T09:29:50.583642+00:00,websitecarbon,success,False
https://autodesk.com,https://www.websitecarbon.com/website/autodesk-com/,autodesk-com,0.65171462599374,0.36248367497772,0.0013192603765056,10000.0,2026-06-18T09:30:40.096458+00:00,websitecarbon,success,False
https://vk.ru,https://www.websitecarbon.com/website/vk-ru/,vk-ru,0.39618489802536,0.2203580402817,0.0008019937206991,10000.0,2026-06-18T09:31:29.381876+00:00,websitecarbon,success,False
https://launchdarkly.com,https://www.websitecarbon.com/website/launchdarkly-com/,launchdarkly-com,0.30446953067277,0.16934595296019,0.0006163350823335,10000.0,2026-06-18T09:31:03.509398+00:00,websitecarbon,success,False
https://bilibili.com,https://www.websitecarbon.com/website/bilibili-com/,bilibili-com,0.19094559468795,0.10620393976544,0.0003865295439027,10000.0,2026-06-18T09:31:49.176315+00:00,websitecarbon,success,False
https://ea.com,https://www.websitecarbon.com/website/ea-com/,ea-com,0.68245286780968,0.37958028507575,0.0013814835380763,10000.0,2026-06-18T09:32:26.883150+00:00,websitecarbon,success,False
https://weebly.com,https://www.websitecarbon.com/website/weebly-com/,weebly-com,0.37595631007757,0.20910689966514,0.0007610451621003,10000.0,2026-06-18T09:32:28.287031+00:00,websitecarbon,success,False
https://opendns.com,https://www.websitecarbon.com/website/opendns-com/,opendns-com,0.15809018709138,0.087929762060226,0.0003200206216424,10000.0,2026-06-18T09:32:23.866354+00:00,websitecarbon,success,False
https://wildberries.ru,https://www.websitecarbon.com/website/wildberries-ru/,wildberries-ru,1.1658241053214,0.64843136737978,0.0023599678245373,10000.0,2026-06-18T09:31:30.802896+00:00,websitecarbon,success,False
https://gnu.org,https://www.websitecarbon.com/website/gnu-org/,gnu-org,0.078196955912746,0.04349314687867,0.0001582934330217,10000.0,2026-06-18T09:32:50.017594+00:00,websitecarbon,success,False
https://issuu.com,https://www.websitecarbon.com/website/issuu-com/,issuu-com,0.64532884467579,0.35893190340868,0.0013063336936757,10000.0,2026-06-18T09:32:47.604661+00:00,websitecarbon,success,False
https://checkpoint.com,https://www.websitecarbon.com/website/checkpoint-com/,checkpoint-com,0.000128486755304,7.1464333300106e-05,2.6009464636445e-07,10000.0,2026-06-18T09:33:20.050990+00:00,websitecarbon,success,False
https://slack.com,https://www.websitecarbon.com/website/slack-com/,slack-com,8.0497060572859,4.4772465090624,0.016294951532967,10000.0,2026-06-18T09:33:19.639632+00:00,websitecarbon,success,False
https://quickconnect.to,https://www.websitecarbon.com/website/quickconnect-to/,quickconnect-to,0.029201402669773,0.016241820164927,5.9112151153386e-05,10000.0,2026-06-18T09:33:59.175869+00:00,websitecarbon,success,False
https://cdc.gov,https://www.websitecarbon.com/website/cdc-gov/,cdc-gov,0.36919788590726,0.20534786414162,0.0007473641415126,10000.0,2026-06-18T09:34:14.188137+00:00,websitecarbon,success,False
https://un.org,https://www.websitecarbon.com/website/un-org/,un-org,0.56213059652131,0.31265703778515,0.0011379161872901,10000.0,2026-06-18T09:34:15.600708+00:00,websitecarbon,success,False
https://trustpilot.com,https://www.websitecarbon.com/website/trustpilot-com/,trustpilot-com,0.49973938723002,0.27795504717733,0.0010116181927733,10000.0,2026-06-18T09:34:16.324098+00:00,websitecarbon,success,False
https://wsj.com,https://www.websitecarbon.com/website/wsj-com/,wsj-com,0.034832623894326,0.019373905410024,7.051138440147e-05,10000.0,2026-06-18T09:34:56.044216+00:00,websitecarbon,success,False
https://naver.com,https://www.websitecarbon.com/website/naver-com/,naver-com,0.67421272979211,0.37499712031037,0.0013648030967452,10000.0,2026-06-18T09:34:57.460819+00:00,websitecarbon,success,False
https://amplitude.com,https://www.websitecarbon.com/website/amplitude-com/,amplitude-com,1.3348078434477,0.74242012252559,0.0027020401689224,10000.0,2026-06-18T09:34:37.881172+00:00,websitecarbon,success,False
https://washingtonpost.com,https://www.websitecarbon.com/website/washingtonpost-com/,washingtonpost-com,0.45462855235767,0.25286440082133,0.0009203007132746,10000.0,2026-06-18T09:35:23.194342+00:00,websitecarbon,success,False
https://yahoo.co.jp,https://www.websitecarbon.com/website/yahoo-co-jp/,yahoo-co-jp,0.14725790954567,0.081904849289304,0.0002980929343029,10000.0,2026-06-18T09:36:14.633208+00:00,websitecarbon,success,False
https://tradingview.com,https://www.websitecarbon.com/website/tradingview-com/,tradingview-com,0.96192625372857,0.53502338232383,0.0019472191371024,10000.0,2026-06-18T09:36:17.463572+00:00,websitecarbon,success,False
https://nasa.gov,https://www.websitecarbon.com/website/nasa-gov/,nasa-gov,1.0386414957941,0.57769239996065,0.0021025131493807,10000.0,2026-06-18T09:36:24.307372+00:00,websitecarbon,success,False
https://google.cn,https://www.websitecarbon.com/website/google-cn/,google-cn,0.0022206533691846,0.0012351274039405,5.5043874308467e-06,10000.0,2026-06-18T09:36:18.871628+00:00,websitecarbon,success,False
https://bloomberg.com,https://www.websitecarbon.com/website/bloomberg-com/,bloomberg-com,2.0863483417835,1.1604269477,0.0042233772100881,10000.0,2026-06-18T09:36:29.071259+00:00,websitecarbon,success,False
https://stanford.edu,https://www.websitecarbon.com/website/stanford-edu/,stanford-edu,0.43884885738976,0.24408773448019,0.0008883580109104,10000.0,2026-06-18T09:36:34.037750+00:00,websitecarbon,success,False
https://selectel.ru,https://www.websitecarbon.com/website/selectel-ru/,selectel-ru,0.62017159649637,0.34493944197128,0.0012554080900736,10000.0,2026-06-18T09:36:25.717140+00:00,websitecarbon,success,False
https://nvidia.com,https://www.websitecarbon.com/website/nvidia-com-en-gb/,nvidia-com-en-gb,0.88420875244774,0.49179690811143,0.0017898962600157,10000.0,2026-06-18T09:37:00.912510+00:00,websitecarbon,success,False
https://aol.com,https://www.websitecarbon.com/website/aol-com/,aol-com,0.55432385381218,0.30831492749033,0.0011221130643971,10000.0,2026-06-18T09:37:35.247492+00:00,websitecarbon,success,False
https://dailymotion.com,https://www.websitecarbon.com/website/dailymotion-com-us/,dailymotion-com-us,0.076659283113666,0.042637893267821,0.0001551807350479,10000.0,2026-06-18T09:37:49.183930+00:00,websitecarbon,success,False
https://plesk.com,https://www.websitecarbon.com/website/plesk-com/,plesk-com,0.46208595488906,0.25701220810929,0.0012058610513806,10000.0,2026-06-18T09:37:50.563264+00:00,websitecarbon,success,False
https://calendly.com,https://www.websitecarbon.com/website/calendly-com/,calendly-com,0.31055497810794,0.17273067882364,0.0007697801655158,10000.0,2026-06-18T09:38:11.475757+00:00,websitecarbon,success,False
https://yandex.com,https://www.websitecarbon.com/website/yandex-com/,yandex-com,0.10148041889202,0.056443408987741,0.0002295937079004,10000.0,2026-06-18T09:38:46.100858+00:00,websitecarbon,success,False
https://amazon.de,https://www.websitecarbon.com/website/amazon-de/,amazon-de,0.96003167327587,0.53396961667604,0.0019433839539997,10000.0,2026-06-18T09:38:47.520487+00:00,websitecarbon,success,False
https://unsplash.com,https://www.websitecarbon.com/website/unsplash-com/,unsplash-com,0.0088798624221236,0.0049389794791851,1.7975430004299e-05,10000.0,2026-06-18T09:38:31.707677+00:00,websitecarbon,success,False
https://vivoglobal.com,https://www.websitecarbon.com/website/vivoglobal-com/,vivoglobal-com,0.11974236148037,0.066600701455382,0.0002423934442922,10000.0,2026-06-18T09:39:18.996012+00:00,websitecarbon,success,False
https://globo.com,https://www.websitecarbon.com/website/globo-com/,globo-com,1.9625765320915,1.0915850671493,0.0051215462737251,10000.0,2026-06-18T09:39:35.719341+00:00,websitecarbon,success,False
https://gitlab.com,https://www.websitecarbon.com/website/about-gitlab-com/,about-gitlab-com,0.20245543753337,0.11260571435606,0.000501831209287,10000.0,2026-06-18T09:39:37.126508+00:00,websitecarbon,success,False
https://debian.org,https://www.websitecarbon.com/website/debian-org/,debian-org,0.19215803864412,0.10687830109386,0.0003889838838949,10000.0,2026-06-18T09:39:49.507902+00:00,websitecarbon,success,False
https://cookiedatabase.org,https://www.websitecarbon.com/website/cookiedatabase-org/,cookiedatabase-org,0.048552261779737,0.02700476800189,0.0001203476702794,10000.0,2026-06-18T09:39:38.580730+00:00,websitecarbon,success,False
https://dailymail.co.uk,https://www.websitecarbon.com/website/dailymail-co-uk-ushome-index-html/,dailymail-co-uk-ushome-index-html,0.48264793940261,0.26844878389573,0.0009770201202482,10000.0,2026-06-18T09:40:33.132040+00:00,websitecarbon,success,False
https://telegram.me,https://www.websitecarbon.com/website/telegram-org/,telegram-org,0.22926945277769,0.12751966963495,0.0004641082040034,10000.0,2026-06-18T09:40:34.521498+00:00,websitecarbon,success,False
https://ngenix.net,https://www.websitecarbon.com/website/ngenix-net/,ngenix-net,0.12227968832944,0.068011962648832,0.0002475297334604,10000.0,2026-06-18T09:39:54.924500+00:00,websitecarbon,success,False
https://ip-api.com,https://www.websitecarbon.com/website/ip-api-com/,ip-api-com,0.027939773191698,0.015540101849222,5.6558245327324e-05,10000.0,2026-06-18T09:40:50.660874+00:00,websitecarbon,success,False
https://businessinsider.com,https://www.websitecarbon.com/website/businessinsider-com/,businessinsider-com,0.3712388766529,0.20648306319435,0.0007514957017265,10000.0,2026-06-18T09:41:02.677677+00:00,websitecarbon,success,False
https://pixabay.com,https://www.websitecarbon.com/website/pixabay-com/,pixabay-com,0.36658345658435,0.20389371855221,0.000908659315668,10000.0,2026-06-18T09:41:56.096384+00:00,websitecarbon,success,False
https://netangels.ru,https://www.websitecarbon.com/website/netangels-ru/,netangels-ru,0.58728127968404,0.32664584776027,0.0011888285013847,10000.0,2026-06-18T09:42:08.801480+00:00,websitecarbon,success,False
https://taobao.com,https://www.websitecarbon.com/website/taobao-com/,taobao-com,1.3289488117562,0.73916132909878,0.0030066715198103,10000.0,2026-06-18T09:43:03.365457+00:00,websitecarbon,success,False
https://huawei.com,https://www.websitecarbon.com/website/huawei-com-en/,huawei-com-en,0.27581594217382,0.15340882703708,0.0005583318667486,10000.0,2026-06-18T09:43:25.975660+00:00,websitecarbon,success,False
https://espn.com,https://www.websitecarbon.com/website/espn-com/,espn-com,0.88873569618166,0.49431479421624,0.001799060113728,10000.0,2026-06-18T09:43:51.236101+00:00,websitecarbon,success,False
https://supercell.com,https://www.websitecarbon.com/website/supercell-com/,supercell-com,0.6953677145401,0.3867635228272,0.0014076269525103,10000.0,2026-06-18T09:43:52.215372+00:00,websitecarbon,success,False
https://steamcommunity.com,https://www.websitecarbon.com/website/steamcommunity-com/,steamcommunity-com,0.71018516563252,0.39500498912481,0.0014376217927784,10000.0,2026-06-18T09:43:55.162261+00:00,websitecarbon,success,False
https://crpt.ru,https://www.websitecarbon.com/website/crpt-ru/,crpt-ru,0.76584608653933,0.42596359333317,0.0015502957217395,10000.0,2026-06-18T09:43:53.614966+00:00,websitecarbon,success,False
https://cloudns.net,https://www.websitecarbon.com/website/cloudns-net/,cloudns-net,0.071073588022077,0.039531129657879,0.000176171828527,10000.0,2026-06-18T09:43:52.615589+00:00,websitecarbon,success,False
https://adriver.ru,https://www.websitecarbon.com/website/adriver-ru/,adriver-ru,0.2535780422911,0.14104010712231,0.0005133158750832,10000.0,2026-06-18T09:43:56.532943+00:00,websitecarbon,success,False
https://brave.com,https://www.websitecarbon.com/website/brave-com/,brave-com,0.1238583143279,0.068889994429176,0.0002507253326475,10000.0,2026-06-18T09:44:32.416845+00:00,websitecarbon,success,False
https://intel.com,https://www.websitecarbon.com/website/intel-com-content-www-us-en-homepage-html/,intel-com-content-www-us-en-homepage-html,0.1106859730538,0.061563538212522,0.0002240606741979,10000.0,2026-06-18T09:44:22.927222+00:00,websitecarbon,success,False
https://wp.com,https://www.websitecarbon.com/website/wordpress-com/,wordpress-com,0.36009710546304,0.20028601005854,0.0007289415090344,10000.0,2026-06-18T09:44:33.806638+00:00,websitecarbon,success,False
https://duckduckgo.com,https://www.websitecarbon.com/website/duckduckgo-com/,duckduckgo-com,0.27005446268152,0.15020429214346,0.0005466689527966,10000.0,2026-06-18T09:44:53.735907+00:00,websitecarbon,success,False
https://statista.com,https://www.websitecarbon.com/website/statista-com/,statista-com,0.31474649117142,0.17506199838954,0.0006371386460959,10000.0,2026-06-18T09:44:40.717557+00:00,websitecarbon,success,False
https://amazontrust.com,https://www.websitecarbon.com/website/amazontrust-com/,amazontrust-com,0.068587126158178,0.038148159569179,0.0001388403363525,10000.0,2026-06-18T09:44:57.525022+00:00,websitecarbon,success,False
https://go.com,https://www.websitecarbon.com/website/go-com/,go-com,0.2049001108082,0.11396544163152,0.0004147775522433,10000.0,2026-06-18T09:45:05.180799+00:00,websitecarbon,success,False
https://bsky.app,https://www.websitecarbon.com/website/bsky-app/,bsky-app,0.74686495597009,0.41540628851056,0.0015118723805062,10000.0,2026-06-18T09:45:36.691382+00:00,websitecarbon,success,False
https://cnbc.com,https://www.websitecarbon.com/website/cnbc-com/,cnbc-com,0.8557049088534,0.47594307030426,0.001732196171768,10000.0,2026-06-18T09:46:24.851531+00:00,websitecarbon,success,False
https://sohu.com,https://www.websitecarbon.com/website/sohu-com/,sohu-com,0.33084610044491,0.18401660106746,0.000669728948269,10000.0,2026-06-18T09:45:43.248822+00:00,websitecarbon,success,False
https://eventbrite.com,https://www.websitecarbon.com/website/eventbrite-com/,eventbrite-com,0.38382901557349,0.21348569846197,0.0007769818129017,10000.0,2026-06-18T09:47:51.778388+00:00,websitecarbon,success,False
https://sciencedirect.com,https://www.websitecarbon.com/website/sciencedirect-com/,sciencedirect-com,0.17067719981354,0.094930658536289,0.0003455004044808,10000.0,2026-06-18T10:06:55.228246+00:00,websitecarbon,success,False
https://indeed.com,https://www.websitecarbon.com/website/indeed-com/,indeed-com,0.14847689767722,0.08258285048807,0.000368033291772,10000.0,2026-06-18T10:21:30.602950+00:00,websitecarbon,success,False
https://ietf.org,https://www.websitecarbon.com/website/ietf-org/,ietf-org,0.057534614880476,0.032000752796521,0.0001426124470308,10000.0,2026-06-18T10:28:40.742773+00:00,websitecarbon,success,False
https://mikrotik.com,https://www.websitecarbon.com/website/mikrotik-com/,mikrotik-com,0.28053410504479,0.15603306922591,0.0005678828037343,10000.0,2026-06-18T10:28:40.054935+00:00,websitecarbon,success,False
https://quora.com,https://www.websitecarbon.com/website/quora-com/,quora-com,0.23879602144752,0.13281834712911,0.0004833927559666,10000.0,2026-06-18T10:28:42.240191+00:00,websitecarbon,success,False
https://sina.com.cn,https://www.websitecarbon.com/website/sina-com-cn/,sina-com-cn,0.90004148858227,0.50060307594946,0.0018219463331625,10000.0,2026-06-18T10:27:13.973657+00:00,websitecarbon,success,False
https://name.com,https://www.websitecarbon.com/website/name-com/,name-com,0.2725065242053,0.15156812876299,0.0006754685388878,10000.0,2026-06-18T10:29:22.816959+00:00,websitecarbon,success,False
https://goodreads.com,https://www.websitecarbon.com/website/goodreads-com/,goodreads-com,0.30583015643433,0.17010273300877,0.0006190893854945,10000.0,2026-06-18T10:29:53.744881+00:00,websitecarbon,success,False
https://npr.org,https://www.websitecarbon.com/website/npr-org/,npr-org,0.5896195719,0.32794640589078,0.0011935618864372,10000.0,2026-06-18T10:30:02.038953+00:00,websitecarbon,success,False
https://mcafee.com,https://www.websitecarbon.com/website/mcafee-com/,mcafee-com,0.13538564999029,0.0753014985246,0.0002740600202232,10000.0,2026-06-18T10:29:47.753376+00:00,websitecarbon,success,False
https://addtoany.com,https://www.websitecarbon.com/website/addtoany-com/,addtoany-com,0.0068544609859586,0.0038124512003902,1.6990318894386e-05,10000.0,2026-06-18T10:30:05.011092+00:00,websitecarbon,success,False
https://mysql.com,https://www.websitecarbon.com/website/mysql-com/,mysql-com,0.1235508006094,0.06871895529895,0.0002501028352417,10000.0,2026-06-18T10:30:03.494201+00:00,websitecarbon,success,False
https://scribd.com,https://www.websitecarbon.com/website/scribd-com/,scribd-com,0.30757827796433,0.17107503820376,0.0007624017465859,10000.0,2026-06-18T10:30:57.678446+00:00,websitecarbon,success,False
https://duolingo.com,https://www.websitecarbon.com/website/duolingo-com/,duolingo-com,0.38289344859123,0.21296533610644,0.0007750879526138,10000.0,2026-06-18T10:30:59.127994+00:00,websitecarbon,success,False
https://hostgator.com,https://www.websitecarbon.com/website/hostgator-com/,hostgator-com,0.24730005750521,0.1375482919844,0.0006129886577837,10000.0,2026-06-18T10:29:53.402627+00:00,websitecarbon,success,False
https://gosuslugi.ru,https://www.websitecarbon.com/website/gosuslugi-ru/,gosuslugi-ru,0.050506236528978,0.028091568757417,0.0001022393452003,10000.0,2026-06-18T10:31:49.212712+00:00,websitecarbon,success,False
https://discord.media,https://www.websitecarbon.com/website/discord-media/,discord-media,0.0015748988752253,0.0008759587544003,3.9037400856614e-06,10000.0,2026-06-18T10:32:20.959627+00:00,websitecarbon,success,False
https://vkontakte.ru,https://www.websitecarbon.com/website/vk-com/,vk-com,0.40102602470107,0.22305067493874,0.0008117935722693,10000.0,2026-06-18T10:32:15.036448+00:00,websitecarbon,success,False
https://walmart.com,https://www.websitecarbon.com/website/walmart-com/,walmart-com,0.41490405316651,0.23076963437121,0.0008398867473006,10000.0,2026-06-18T10:32:52.777803+00:00,websitecarbon,success,False
https://mediatek.com,https://www.websitecarbon.com/website/mediatek-com/,mediatek-com,5.9787554932293,3.3253838053341,0.01210274391342,10000.0,2026-06-18T10:32:59.413752+00:00,websitecarbon,success,False
https://amzn.to,https://www.websitecarbon.com/website/amazon-com/,amazon-com,1.3736281418474,0.76401197249555,0.0027806237689219,10000.0,2026-06-18T10:33:32.764108+00:00,websitecarbon,success,False
https://foxnews.com,https://www.websitecarbon.com/website/foxnews-com/,foxnews-com,1.4841876080716,0.82550514760943,0.0030044283564202,10000.0,2026-06-18T10:34:13.676817+00:00,websitecarbon,success,False
https://amazon.co.jp,https://www.websitecarbon.com/website/amazon-co-jp/,amazon-co-jp,1.5781965630027,0.87779292834208,0.0031947298846208,10000.0,2026-06-18T10:33:56.945072+00:00,websitecarbon,success,False
https://behance.net,https://www.websitecarbon.com/website/behance-net/,behance-net,0.70190397020895,0.39039898823022,0.0014208582392894,10000.0,2026-06-18T10:34:36.199001+00:00,websitecarbon,success,False
https://stackoverflow.com,https://www.websitecarbon.com/website/stackoverflow-com-questions/,stackoverflow-com-questions,0.17117702336498,0.0952086603956,0.0004243006445467,10000.0,2026-06-18T10:34:37.567291+00:00,websitecarbon,success,False
https://google.de,https://www.websitecarbon.com/website/google-com/,google-com,0.14811274592713,0.082380309284672,0.0003671306599862,10000.0,2026-06-18T10:35:04.925345+00:00,websitecarbon,success,False
https://indiatimes.com,https://www.websitecarbon.com/website/indiatimes-com/,indiatimes-com,0.32501396886818,0.18077276948448,0.0006579230139032,10000.0,2026-06-18T10:34:50.912586+00:00,websitecarbon,success,False
https://paloaltonetworks.com,https://www.websitecarbon.com/website/paloaltonetworks-com/,paloaltonetworks-com,0.41336831861045,0.22991545881113,0.00102462608926,10000.0,2026-06-18T10:34:59.598246+00:00,websitecarbon,success,False
https://slideshare.net,https://www.websitecarbon.com/website/slideshare-net/,slideshare-net,0.21757048882172,0.12101270588264,0.0004404260907322,10000.0,2026-06-18T10:35:06.516850+00:00,websitecarbon,success,False
https://docker.com,https://www.websitecarbon.com/website/docker-com/,docker-com,0.40940647692466,0.2277118824655,0.0010148057760671,10000.0,2026-06-18T10:35:54.328803+00:00,websitecarbon,success,False
https://wired.com,https://www.websitecarbon.com/website/wired-com/,wired-com,1.9012511349041,1.0574758812337,0.003848686507903,10000.0,2026-06-18T10:36:25.350224+00:00,websitecarbon,success,False
https://arxiv.org,https://www.websitecarbon.com/website/arxiv-org/,arxiv-org,0.014287977285683,0.007946972966297,2.8923030942678e-05,10000.0,2026-06-18T10:36:29.970159+00:00,websitecarbon,success,False
https://ft.com,https://www.websitecarbon.com/website/ft-com/,ft-com,0.073237903822074,0.040734922105837,0.000181536570657,10000.0,2026-06-18T10:36:31.377019+00:00,websitecarbon,success,False
https://speedtest.net,https://www.websitecarbon.com/website/speedtest-net/,speedtest-net,0.40780424812809,0.22682072280884,0.000825514672324,10000.0,2026-06-18T10:36:43.850954+00:00,websitecarbon,success,False
https://run.app,https://www.websitecarbon.com/website/run-app/,run-app,0.0010692223856226,0.0005947014908832,2.6503074914217e-06,10000.0,2026-06-18T10:36:44.648513+00:00,websitecarbon,success,False
https://xhamster.com,https://www.websitecarbon.com/website/xhamster-com/,xhamster-com,0.26118990647425,0.14527382598098,0.0006474177637137,10000.0,2026-06-18T10:36:58.160299+00:00,websitecarbon,success,False
https://firefox.com,https://www.websitecarbon.com/website/firefox-com/,firefox-com,0.057315562156774,0.031878915671598,0.0001420694757252,10000.0,2026-06-18T10:36:59.557868+00:00,websitecarbon,success,False
https://360.cn,https://www.websitecarbon.com/website/360-cn/,360-cn,1.0485496690851,0.58320332594512,0.0021225701803342,10000.0,2026-06-18T10:36:55.930922+00:00,websitecarbon,success,False
https://markmonitor.com,https://www.websitecarbon.com/website/markmonitor-com/,markmonitor-com,0.13399005769934,0.074525270092371,0.0003321244097314,10000.0,2026-06-18T10:37:25.244174+00:00,websitecarbon,success,False
https://dynatrace.com,https://www.websitecarbon.com/website/dynatrace-com/,dynatrace-com,1.0459595094826,0.58176267917423,0.0021173269422725,10000.0,2026-06-18T10:37:42.020798+00:00,websitecarbon,success,False
https://time.com,https://www.websitecarbon.com/website/time-com/,time-com,0.39599515688545,0.22025250625969,0.0009815628114156,10000.0,2026-06-18T10:37:43.408549+00:00,websitecarbon,success,False
https://fandom.com,https://www.websitecarbon.com/website/fandom-com/,fandom-com,0.32922305290359,0.18311386202498,0.000816053175833,10000.0,2026-06-18T10:37:44.804794+00:00,websitecarbon,success,False
https://jquery.com,https://www.websitecarbon.com/website/jquery-com/,jquery-com,0.016585712287389,0.0092249731742456,4.1111407801509e-05,10000.0,2026-06-18T10:37:46.242170+00:00,websitecarbon,success,False
https://uk.com,https://www.websitecarbon.com/website/uk-com/,uk-com,0.39050980581623,0.21720155399498,0.0007905056797899,10000.0,2026-06-18T10:37:50.362981+00:00,websitecarbon,success,False
https://usatoday.com,https://www.websitecarbon.com/website/usatoday-com/,usatoday-com,0.36141677802522,0.20102001193763,0.0007316129109822,10000.0,2026-06-18T11:21:42.177558+00:00,websitecarbon,success,False
https://netflix.net,https://www.websitecarbon.com/website/netflix-com/,netflix-com,0.46709124658909,0.25979615135285,0.0009455288392491,10000.0,2026-06-18T11:21:45.627645+00:00,websitecarbon,success,False
https://palmplaystore.com,https://www.websitecarbon.com/website/palmplaystore-com/,palmplaystore-com,0.21659365602024,0.12046939147846,0.0004384486963972,10000.0,2026-06-18T11:21:43.552902+00:00,websitecarbon,success,False
https://patreon.com,https://www.websitecarbon.com/website/patreon-com/,patreon-com,4.2760233736395,2.3783242004183,0.010599082971923,10000.0,2026-06-18T11:22:09.421168+00:00,websitecarbon,success,False
https://cloudflareinsights.com,https://www.websitecarbon.com/website/cloudflareinsights-com/,cloudflareinsights-com,0.0002799007025081,0.000155680770735,6.9379666820168e-07,10000.0,2026-06-18T11:22:10.794846+00:00,websitecarbon,success,False
https://capcut.com,https://www.websitecarbon.com/website/capcut-com/,capcut-com,0.91075121914968,0.50655982809105,0.0018436259496957,10000.0,2026-06-18T11:22:19.599835+00:00,websitecarbon,success,False
https://tandfonline.com,https://www.websitecarbon.com/website/tandfonline-com/,tandfonline-com,0.2671129253231,0.14856820906471,0.0006620992943644,10000.0,2026-06-18T11:22:38.399073+00:00,websitecarbon,success,False
https://uol.com.br,https://www.websitecarbon.com/website/uol-com-br/,uol-com-br,0.62044753561076,0.3450929193067,0.0012559666712768,10000.0,2026-06-18T11:22:54.869261+00:00,websitecarbon,success,False
https://tplinkcloud.com,https://www.websitecarbon.com/website/tplinkcloud-com/,tplinkcloud-com,0.21105267772358,0.11738749934985,0.0004272321411408,10000.0,2026-06-18T11:23:32.669027+00:00,websitecarbon,success,False
https://oup.com,https://www.websitecarbon.com/website/corp-oup-com/,corp-oup-com,0.63598943108507,0.35373732156951,0.0012874279981479,10000.0,2026-06-18T11:23:26.485583+00:00,websitecarbon,success,False
https://deviantart.com,https://www.websitecarbon.com/website/deviantart-com/,deviantart-com,0.0001285909619182,7.1522293018922e-05,2.603055909276e-07,10000.0,2026-06-18T11:23:53.447879+00:00,websitecarbon,success,False
https://okta.com,https://www.websitecarbon.com/website/okta-com/,okta-com,3.7624376402283,2.092667815495,0.007616270526778,10000.0,2026-06-18T11:24:17.118307+00:00,websitecarbon,success,False
https://wix.com,https://www.websitecarbon.com/website/wix-com/,wix-com,1.2796107461806,0.71171949702567,0.0025903051542118,10000.0,2026-06-18T11:24:18.492592+00:00,websitecarbon,success,False
https://fast.com,https://www.websitecarbon.com/website/fast-com/,fast-com,0.007605519737117,0.0042301900777845,1.5395788941532e-05,10000.0,2026-06-18T11:23:54.832171+00:00,websitecarbon,success,False
https://tripadvisor.com,https://www.websitecarbon.com/website/tripadvisor-com/,tripadvisor-com,0.062012939281762,0.034491596828516,0.0001255322657525,10000.0,2026-06-18T11:24:46.984649+00:00,websitecarbon,success,False
https://t-mobile.com,https://www.websitecarbon.com/website/t-mobile-com/,t-mobile-com,0.52167748468369,0.29015701698107,0.0010560272969306,10000.0,2026-06-18T11:22:40.466980+00:00,websitecarbon,success,False
https://atlassian.com,https://www.websitecarbon.com/website/atlassian-com/,atlassian-com,0.6199538046727,0.34481830615895,0.0012549672159366,10000.0,2026-06-18T11:24:48.378517+00:00,websitecarbon,success,False
https://cornell.edu,https://www.websitecarbon.com/website/cornell-edu/,cornell-edu,1.0013627258381,0.55695794811114,0.0020270500523038,10000.0,2026-06-18T11:25:08.699033+00:00,websitecarbon,success,False
https://teamviewer.com,https://www.websitecarbon.com/website/teamviewer-com-en/,teamviewer-com-en,0.43470674868207,0.24178389361697,0.0008799731754697,10000.0,2026-06-18T11:25:20.770369+00:00,websitecarbon,success,False
https://telegraph.co.uk,https://www.websitecarbon.com/website/telegraph-co-uk/,telegraph-co-uk,0.80637026728783,0.44850314266549,0.0016323284762912,10000.0,2026-06-18T11:25:38.385810+00:00,websitecarbon,success,False
https://nbcnews.com,https://www.websitecarbon.com/website/nbcnews-com/,nbcnews-com,0.74806531195901,0.4160739265116,0.0015143022509292,10000.0,2026-06-18T11:25:39.793574+00:00,websitecarbon,success,False
https://ca.gov,https://www.websitecarbon.com/website/ca-gov/,ca-gov,0.066198397940956,0.03681954893476,0.0001340048541314,10000.0,2026-06-18T11:25:22.181811+00:00,websitecarbon,success,False
https://rakuten.co.jp,https://www.websitecarbon.com/website/rakuten-co-jp/,rakuten-co-jp,1.545957016496,0.85986129257507,0.0031294676447287,10000.0,2026-06-18T11:25:41.901740+00:00,websitecarbon,success,False
https://grammarly.com,https://www.websitecarbon.com/website/grammarly-com/,grammarly-com,1.2143388492465,0.6754152679509,0.0024581758081913,10000.0,2026-06-18T11:25:58.206414+00:00,websitecarbon,success,False
https://deepl.com,https://www.websitecarbon.com/website/deepl-com-en/,deepl-com-en,0.45604479318922,0.25365211397185,0.0011304093031213,10000.0,2026-06-18T11:25:59.625665+00:00,websitecarbon,success,False
https://berkeley.edu,https://www.websitecarbon.com/website/berkeley-edu/,berkeley-edu,1.765943223048,0.9822176206593,0.0035747838523239,10000.0,2026-06-18T11:26:01.024505+00:00,websitecarbon,success,False
https://surveymonkey.com,https://www.websitecarbon.com/website/surveymonkey-com/,surveymonkey-com,0.45717609145492,0.25428134206723,0.0009254576750099,10000.0,2026-06-18T11:26:02.430807+00:00,websitecarbon,success,False
https://expireddomains.com,https://www.websitecarbon.com/website/expireddomains-com/,expireddomains-com,0.47209070305764,0.26257684904066,0.0011701826895587,10000.0,2026-06-18T12:52:50.110054+00:00,websitecarbon,success,False
https://avito.ru,https://www.websitecarbon.com/website/avito-ru/,avito-ru,0.11171017598826,0.062133199884673,0.0002527379547245,10000.0,2026-06-18T12:54:29.082710+00:00,websitecarbon,success,False
https://playstation.com,https://www.websitecarbon.com/website/playstation-com-en-gb/,playstation-com-en-gb,1.5559587673265,0.86542426638703,0.0031497141038999,10000.0,2026-06-18T12:55:05.892848+00:00,websitecarbon,success,False
https://ikea.com,https://www.websitecarbon.com/website/ikea-com/,ikea-com,0.51451561592263,0.28617358557617,0.0012753423512913,10000.0,2026-06-18T12:55:18.398756+00:00,websitecarbon,success,False
https://klaviyo.com,https://www.websitecarbon.com/website/klaviyo-com-uk/,klaviyo-com-uk,0.49302028021524,0.27421787985571,0.0012220613406971,10000.0,2026-06-18T12:55:56.834301+00:00,websitecarbon,success,False
https://loc.gov,https://www.websitecarbon.com/website/loc-gov/,loc-gov,1.0084184045857,0.56088231663058,0.0024995911871083,10000.0,2026-06-18T12:56:15.628849+00:00,websitecarbon,success,False
https://mdpi.com,https://www.websitecarbon.com/website/mdpi-com/,mdpi-com,0.34132074089069,0.1898425960834,0.0006909326738677,10000.0,2026-06-18T12:56:03.013104+00:00,websitecarbon,success,False
https://sharethrough.com,https://www.websitecarbon.com/website/sharethrough-com/,sharethrough-com,1.6971275717849,0.94394235542676,0.0034354809145443,10000.0,2026-06-18T12:56:20.103941+00:00,websitecarbon,success,False
https://britannica.com,https://www.websitecarbon.com/website/britannica-com/,britannica-com,0.49251953964559,0.27393936795088,0.0012208201428875,10000.0,2026-06-18T12:56:56.472555+00:00,websitecarbon,success,False
https://jotform.com,https://www.websitecarbon.com/website/jotform-com/,jotform-com,1.1207110421826,0.62333948166196,0.0029246112791821,10000.0,2026-06-18T12:56:58.283512+00:00,websitecarbon,success,False
https://target.com,https://www.websitecarbon.com/website/target-com/,target-com,0.54366362138651,0.30238570621518,0.0011005336465314,10000.0,2026-06-18T12:56:08.635071+00:00,websitecarbon,success,False
https://accuweather.com,https://www.websitecarbon.com/website/accuweather-com/,accuweather-com,0.61800007764269,0.34373164318486,0.0013981902209111,10000.0,2026-06-18T13:45:48.932891+00:00,websitecarbon,success,False
https://digitalocean.com,https://www.websitecarbon.com/website/digitalocean-com/,digitalocean-com,0.30839398128861,0.17152873239272,0.0007644236502237,10000.0,2026-06-18T13:44:59.958788+00:00,websitecarbon,success,False
https://onetrust.com,https://www.websitecarbon.com/website/onetrust-com/,onetrust-com,0.3665524794315,0.2038764890598,0.000908582531847,10000.0,2026-06-18T13:45:50.412386+00:00,websitecarbon,success,False
https://verisign.com,https://www.websitecarbon.com/website/verisign-com/,verisign-com,0.50383512399439,0.28023309596568,0.0010199091578834,10000.0,2026-06-18T13:46:08.455439+00:00,websitecarbon,success,False
https://moe.video,https://www.websitecarbon.com/website/moe-video/,moe-video,0.072175376711413,0.040143944526888,0.0001461040014401,10000.0,2026-06-18T13:46:18.406951+00:00,websitecarbon,success,False
https://nike.com,https://www.websitecarbon.com/website/nike-com-gb/,nike-com-gb,0.35266529815178,0.19615243883202,0.0007138973646797,10000.0,2026-06-18T13:46:55.058260+00:00,websitecarbon,success,False
https://cdnvideo.ru,https://www.websitecarbon.com/website/cdnvideo-ru/,cdnvideo-ru,1.4553298788154,0.80945447859715,0.0029460119004361,10000.0,2026-06-18T13:45:42.164871+00:00,websitecarbon,success,False
https://telecid.ru,https://www.websitecarbon.com/website/telecid-ru/,telecid-ru,9.7537390887737e-05,5.4250296811759e-05,1.9744411110878e-07,10000.0,2026-06-20T13:42:21.023953+00:00,websitecarbon,success,False
https://free.fr,https://www.websitecarbon.com/website/free-fr-freebox/,free-fr-freebox,2.7981612980951,1.5563373140005,0.0063306816698983,10000.0,2026-06-20T14:07:53.932264+00:00,websitecarbon,success,False
https://merriam-webster.com,https://www.websitecarbon.com/website/merriam-webster-com/,merriam-webster-com,0.42869423545618,0.23843973376073,0.0008678020960651,10000.0,2026-06-20T14:07:55.911796+00:00,websitecarbon,success,False
https://branch.io,https://www.websitecarbon.com/website/branch-io/,branch-io,0.14200349943805,0.078982346387446,0.0002874564765952,10000.0,2026-06-20T14:07:55.319089+00:00,websitecarbon,success,False
https://braze.com,https://www.websitecarbon.com/website/braze-com/,braze-com,0.37301530069932,0.20747111024896,0.0009246020838618,10000.0,2026-06-20T14:08:25.383249+00:00,websitecarbon,success,False
https://threads.com,https://www.websitecarbon.com/website/threads-com/,threads-com,0.28110807507578,0.15635231135715,0.0005690446863882,10000.0,2026-06-21T10:38:17.918300+00:00,websitecarbon,success,False
https://squarespace.com,https://www.websitecarbon.com/website/squarespace-com/,squarespace-com,2.5578575319881,1.4226803592918,0.0051778492550366,10000.0,2026-06-21T10:38:19.390975+00:00,websitecarbon,success,False
https://amazon.fr,https://www.websitecarbon.com/website/amazon-fr/,amazon-fr,1.221054548705,0.67915053998972,0.0024717703415081,10000.0,2026-06-21T10:38:20.788721+00:00,websitecarbon,success,False
https://fontawesome.com,https://www.websitecarbon.com/website/fontawesome-com/,fontawesome-com,0.89525912054274,0.49794312284587,0.0022191005218774,10000.0,2026-06-21T10:38:48.147935+00:00,websitecarbon,success,False
https://cnet.com,https://www.websitecarbon.com/website/cnet-com/,cnet-com,0.57043190382142,0.31727422490547,0.0011547204530798,10000.0,2026-06-21T10:38:40.541315+00:00,websitecarbon,success,False
https://unesco.org,https://www.websitecarbon.com/website/unesco-org-en/,unesco-org-en,0.25662316797115,0.14273380602555,0.0005194800971075,10000.0,2026-06-21T10:39:10.729018+00:00,websitecarbon,success,False
https://techcrunch.com,https://www.websitecarbon.com/website/techcrunch-com/,techcrunch-com,0.4635121662179,0.2578054668504,0.0009382837372832,10000.0,2026-06-21T10:39:12.173371+00:00,websitecarbon,success,False
https://cbsnews.com,https://www.websitecarbon.com/website/cbsnews-com/,cbsnews-com,0.37815486122388,0.21032973381272,0.0007654956704936,10000.0,2026-06-21T10:39:13.607880+00:00,websitecarbon,success,False
https://amazon.ca,https://www.websitecarbon.com/website/amazon-ca/,amazon-ca,0.77186902042665,0.4293135491613,0.0015624878956005,10000.0,2026-06-21T10:39:15.010484+00:00,websitecarbon,success,False
https://elpais.com,https://www.websitecarbon.com/website/elpais-com-america/,elpais-com-america,1.2378219139623,0.6884765485458,0.0025057123764418,10000.0,2026-06-21T10:39:18.396548+00:00,websitecarbon,success,False
https://sagepub.com,https://www.websitecarbon.com/website/sagepub-com/,sagepub-com,0.44451728037558,0.2472405113449,0.0008998325513675,10000.0,2026-06-21T10:39:05.833634+00:00,websitecarbon,success,False
https://independent.co.uk,https://www.websitecarbon.com/website/independent-co-uk-us/,independent-co-uk-us,1.165127900932,0.64804413849837,0.0023585585039109,10000.0,2026-06-21T10:39:34.184600+00:00,websitecarbon,success,False
https://outbrain.com,https://www.websitecarbon.com/website/outbrain-com/,outbrain-com,0.31518488839734,0.1753058349266,0.0006380260898731,10000.0,2026-06-21T10:39:53.180166+00:00,websitecarbon,success,False
https://noaa.gov,https://www.websitecarbon.com/website/noaa-gov/,noaa-gov,0.29857352044154,0.16606659206958,0.0006043998389504,10000.0,2026-06-21T10:40:15.866300+00:00,websitecarbon,success,False
https://viber.com,https://www.websitecarbon.com/website/viber-com-en/,viber-com-en,2.1879794895099,1.2169541920654,0.0044291082783602,10000.0,2026-06-21T10:40:33.343363+00:00,websitecarbon,success,False
https://stackadapt.com,https://www.websitecarbon.com/website/stackadapt-com/,stackadapt-com,1.020555708454,0.56763308504211,0.002065902243834,10000.0,2026-06-21T10:40:07.838359+00:00,websitecarbon,success,False
https://yelp.com,https://www.websitecarbon.com/website/yelp-com/,yelp-com,0.34856893614773,0.19387404228537,0.0007056051339022,10000.0,2026-06-21T10:40:24.466356+00:00,websitecarbon,success,False
https://consultant.ru,https://www.websitecarbon.com/website/consultant-ru/,consultant-ru,0.063625224016607,0.035388349598037,0.0001287960000336,10000.0,2026-06-21T10:40:34.732211+00:00,websitecarbon,success,False
https://service.gov.uk,https://www.websitecarbon.com/website/gov-uk/,gov-uk,0.021498866574839,0.011957669588925,4.351997282356e-05,10000.0,2026-06-21T10:40:52.483656+00:00,websitecarbon,success,False
https://cambridge.org,https://www.websitecarbon.com/website/cambridge-org/,cambridge-org,0.33513245542152,0.18640067170545,0.0008307009553536,10000.0,2026-06-21T10:41:15.535401+00:00,websitecarbon,success,False
https://bluehost.com,https://www.websitecarbon.com/website/bluehost-com/,bluehost-com,0.25893478676742,0.14401952840004,0.0006418279437348,10000.0,2026-06-21T10:40:51.319865+00:00,websitecarbon,success,False
https://dreamhost.com,https://www.websitecarbon.com/website/dreamhost-com/,dreamhost-com,1.1486120904414,0.63885804470351,0.0023251256891526,10000.0,2026-06-21T10:41:16.925237+00:00,websitecarbon,success,False
https://datadoghq.com,https://www.websitecarbon.com/website/datadoghq-com/,datadoghq-com,0.66495001226943,0.36984519682426,0.0013460526564158,10000.0,2026-06-21T10:40:07.225493+00:00,websitecarbon,success,False
https://ups.com,https://www.websitecarbon.com/website/ups-com-global/,ups-com-global,0.53768653840944,0.29906125266333,0.0010884342882782,10000.0,2026-06-21T10:41:37.923645+00:00,websitecarbon,success,False
https://giphy.com,https://www.websitecarbon.com/website/giphy-com/,giphy-com,2.3931572018107,1.3310740356471,0.0062451910276897,10000.0,2026-06-21T10:42:12.233912+00:00,websitecarbon,success,False
https://g.co,https://www.websitecarbon.com/website/g-co/,g-co,0.0086482423807494,0.0048101524121728,2.1436608396471e-05,10000.0,2026-06-21T10:42:13.625688+00:00,websitecarbon,success,False
https://optimizely.com,https://www.websitecarbon.com/website/optimizely-com/,optimizely-com,0.39575535836164,0.22011913032074,0.0008011242072098,10000.0,2026-06-21T10:42:48.730815+00:00,websitecarbon,success,False
https://imgur.com,https://www.websitecarbon.com/website/imgur-com/,imgur-com,1.5436047605937,0.85855296784224,0.0031247059931047,10000.0,2026-06-21T10:42:36.542380+00:00,websitecarbon,success,False
https://ted.com,https://www.websitecarbon.com/website/ted-com/,ted-com,0.86368088310398,0.48037930718243,0.0017483418686315,10000.0,2026-06-21T10:43:06.422252+00:00,websitecarbon,success,False
https://pinimg.com,https://www.websitecarbon.com/website/pinterest-com/,pinterest-com,0.77887483109906,0.4332101810573,0.0015766696985811,10000.0,2026-06-21T10:42:50.146241+00:00,websitecarbon,success,False
https://fb.com,https://www.websitecarbon.com/website/facebook-com/,facebook-com,0.22465268294234,0.12495182225253,0.0004547625160776,10000.0,2026-06-21T10:44:07.534872+00:00,websitecarbon,success,False
https://lemonde.fr,https://www.websitecarbon.com/website/lemonde-fr/,lemonde-fr,0.17566525781527,0.097705016396854,0.0003555976878851,10000.0,2026-06-21T10:44:18.147398+00:00,websitecarbon,success,False
https://quantserve.com,https://www.websitecarbon.com/website/quantserve-com/,quantserve-com,0.0004495473336428,0.0002500382269721,9.1001484543085e-07,10000.0,2026-06-21T10:44:10.765896+00:00,websitecarbon,success,False
https://mailchimp.com,https://www.websitecarbon.com/website/mailchimp-com/,mailchimp-com,0.29590364277922,0.1645816061138,0.000598995228298,10000.0,2026-06-21T10:44:20.202343+00:00,websitecarbon,success,False
https://spiegel.de,https://www.websitecarbon.com/website/spiegel-de/,spiegel-de,0.1264370789371,0.070324303304813,0.0003134026578627,10000.0,2026-06-21T10:44:21.587098+00:00,websitecarbon,success,False
https://id5-sync.com,https://www.websitecarbon.com/website/id5-sync-com/,id5-sync-com,2.6807151501998e-05,1.4910137665411e-05,6.6447537392378e-08,10000.0,2026-06-21T10:44:19.571275+00:00,websitecarbon,success,False
https://amazon.in,https://www.websitecarbon.com/website/amazon-in/,amazon-in,0.69080325642508,0.38422477122363,0.0013983871587552,10000.0,2026-06-21T10:45:22.202323+00:00,websitecarbon,success,False
https://hihonorcloud.com,https://www.websitecarbon.com/website/hihonorcloud-com/,hihonorcloud-com,1.1774550223583,0.65490048343571,0.0023835121910088,10000.0,2026-06-21T10:46:24.338760+00:00,websitecarbon,success,False
https://seznam.cz,https://www.websitecarbon.com/website/seznam-cz/,seznam-cz,1.3089677293254,0.72804785105079,0.002649732245598,10000.0,2026-06-21T10:47:06.596273+00:00,websitecarbon,success,False
https://lijit.com,https://www.websitecarbon.com/website/lijit-com/,lijit-com,0.087975287762471,0.048931855053486,0.0001780876270495,10000.0,2026-06-21T10:47:07.985480+00:00,websitecarbon,success,False
https://bitrix24.ru,https://www.websitecarbon.com/website/bitrix24-ru/,bitrix24-ru,0.64181854066998,0.35697947232064,0.0012992278151214,10000.0,2026-06-21T10:47:16.628944+00:00,websitecarbon,success,False
https://watchlist-internet.at,https://www.websitecarbon.com/website/watchlist-internet-at/,watchlist-internet-at,0.17615209027547,0.097975792611219,0.0004366324637085,10000.0,2026-06-21T10:47:21.130960+00:00,websitecarbon,success,False
https://ya.ru,https://www.websitecarbon.com/website/ya-ru/,ya-ru,0.042164497062564,0.023451893266198,8.535323292017e-05,10000.0,2026-06-21T10:48:04.906664+00:00,websitecarbon,success,False
https://wps.com,https://www.websitecarbon.com/website/wps-com/,wps-com,0.56082436661236,0.31193051270979,0.001135271997191,10000.0,2026-06-21T10:48:08.525014+00:00,websitecarbon,success,False
https://perplexity.ai,https://www.websitecarbon.com/website/perplexity-ai/,perplexity-ai,0.13963300564154,0.077663877737825,0.0003461117218248,10000.0,2026-06-21T10:48:52.076464+00:00,websitecarbon,success,False
https://amazon.es,https://www.websitecarbon.com/website/amazon-es/,amazon-es,0.48595962560177,0.2702907437597,0.0009837239384651,10000.0,2026-06-21T10:48:55.134344+00:00,websitecarbon,success,False
https://cursor.sh,https://www.websitecarbon.com/website/cursor-com/,cursor-com,0.43698647678085,0.24305187838551,0.0008845880096778,10000.0,2026-06-21T10:48:25.486414+00:00,websitecarbon,success,False
https://irs.gov,https://www.websitecarbon.com/website/irs-gov/,irs-gov,0.16565496204235,0.092137289887953,0.0003353339312598,10000.0,2026-06-21T10:49:16.737301+00:00,websitecarbon,success,False
https://anthropic.com,https://www.websitecarbon.com/website/anthropic-com/,anthropic-com,0.1336893747244,0.074358030221713,0.0002706262646243,10000.0,2026-06-21T10:49:42.419160+00:00,websitecarbon,success,False
https://asus.com,https://www.websitecarbon.com/website/asus-com/,asus-com,0.41197376317531,0.22913980707811,0.0008339549861848,10000.0,2026-06-21T10:49:18.138726+00:00,websitecarbon,success,False
https://allaboutcookies.org,https://www.websitecarbon.com/website/allaboutcookies-org/,allaboutcookies-org,0.023660417426005,0.013159924172344,5.8647651225328e-05,10000.0,2026-06-21T10:49:49.980667+00:00,websitecarbon,success,False
https://mediafire.com,https://www.websitecarbon.com/website/mediafire-com/,mediafire-com,0.28288523204206,0.15734076606179,0.0007011944940313,10000.0,2026-06-21T10:49:43.842660+00:00,websitecarbon,success,False
https://newrelic.com,https://www.websitecarbon.com/website/newrelic-com/,newrelic-com,0.28743445862364,0.15987104588647,0.000581851130817,10000.0,2026-06-21T10:50:04.661322+00:00,websitecarbon,success,False
https://zillow.com,https://www.websitecarbon.com/website/zillow-com/,zillow-com,0.59418507208116,0.33048573709154,0.001202803789638,10000.0,2026-06-21T10:49:47.934547+00:00,websitecarbon,success,False
https://share.google,https://www.websitecarbon.com/website/share-google/,share-google,0.0068093568897806,0.003787364302096,1.6878518275917e-05,10000.0,2026-06-21T10:50:03.845442+00:00,websitecarbon,success,False
https://stripchat.com,https://www.websitecarbon.com/website/stripchat-com/,stripchat-com,0.28434932802441,0.15815509624717,0.0007048235842958,10000.0,2026-06-21T10:50:35.611004+00:00,websitecarbon,success,False
https://uber.com,https://www.websitecarbon.com/website/uber-com-gb-en/,uber-com-gb-en,0.21037575155776,0.11701099301643,0.0004258618452586,10000.0,2026-06-21T10:50:39.991509+00:00,websitecarbon,success,False
https://ieee.org,https://www.websitecarbon.com/website/ieee-org/,ieee-org,0.0099366216966882,0.005526748987698,2.0114618819207e-05,10000.0,2026-06-21T16:42:33.580975+00:00,websitecarbon,success,False
https://homedepot.com,https://www.websitecarbon.com/website/homedepot-com/,homedepot-com,0.0085979835307226,0.0047821984397879,1.7404824960977e-05,10000.0,2026-06-21T16:54:18.555352+00:00,websitecarbon,success,False
https://amazon.it,https://www.websitecarbon.com/website/amazon-it/,amazon-it,0.55872762532812,0.3107643052075,0.0011310275816359,10000.0,2026-06-21T16:54:19.936833+00:00,websitecarbon,success,False
https://bandcamp.com,https://www.websitecarbon.com/website/bandcamp-com/,bandcamp-com,0.52127493279628,0.28993311762129,0.0012920968341641,10000.0,2026-06-21T16:54:44.418379+00:00,websitecarbon,success,False
https://iso.org,https://www.websitecarbon.com/website/iso-org-home-html/,iso-org-home-html,0.056316889385739,0.031323453876348,0.0001395940412767,10000.0,2026-06-21T16:54:45.839153+00:00,websitecarbon,success,False
https://bugsnag.com,https://www.websitecarbon.com/website/bugsnag-com/,bugsnag-com,0.11783089955617,0.06553754633314,0.0002385240881703,10000.0,2026-06-21T16:54:47.267869+00:00,websitecarbon,success,False
https://shopee.co.id,https://www.websitecarbon.com/website/shopee-co-id/,shopee-co-id,0.255597358061,0.14216325055353,0.0005174035588279,10000.0,2026-06-21T16:55:02.693601+00:00,websitecarbon,success,False
https://mercadolivre.com.br,https://www.websitecarbon.com/website/mercadolivre-com-br/,mercadolivre-com-br,0.26927562244702,0.14977110120503,0.0005450923531316,10000.0,2026-06-21T16:55:05.514656+00:00,websitecarbon,success,False
https://python.org,https://www.websitecarbon.com/website/python-org/,python-org,0.063737767159939,0.035450946094358,0.0001290238201618,10000.0,2026-06-21T16:55:38.232969+00:00,websitecarbon,success,False
https://box.com,https://www.websitecarbon.com/website/box-com/,box-com,0.2289651573068,0.12735042049404,0.0005675414954312,10000.0,2026-06-21T16:53:47.456771+00:00,websitecarbon,success,False
https://ring.com,https://www.websitecarbon.com/website/ring-com/,ring-com,0.8854577729255,0.49249161330116,0.0017924246415496,10000.0,2026-06-21T16:56:27.528217+00:00,websitecarbon,success,False
https://adform.net,https://www.websitecarbon.com/website/adform-net/,adform-net,3.8660653866827e-05,2.1503055680729e-05,7.8260432928801e-08,10000.0,2026-06-21T16:56:19.706491+00:00,websitecarbon,success,False
https://alipaydns.com,https://www.websitecarbon.com/website/alipaydns-com/,alipaydns-com,7.9405440017581e-05,4.4165305737779e-05,1.6073975712061e-07,10000.0,2026-06-21T16:57:19.055038+00:00,websitecarbon,success,False
https://mckinsey.com,https://www.websitecarbon.com/website/mckinsey-com/,mckinsey-com,1.2062149016038,0.67089672827201,0.0024417305700481,10000.0,2026-06-21T16:55:55.271458+00:00,websitecarbon,success,False
https://wb.ru,https://www.websitecarbon.com/website/wildberries-ru/,wildberries-ru,1.1658241053214,0.64843136737978,0.0023599678245373,10000.0,2026-06-21T16:56:52.123524+00:00,websitecarbon,success,False
https://appcenter.ms,https://www.websitecarbon.com/website/appcenter-ms/,appcenter-ms,0.14283600607887,0.079445386581067,0.0002891417127102,10000.0,2026-06-21T16:57:54.274027+00:00,websitecarbon,success,False
https://ys7.com,https://www.websitecarbon.com/website/ys7-com/,ys7-com,0.033427397701889,0.018592318601791,6.7666796967387e-05,10000.0,2026-06-21T16:58:03.463429+00:00,websitecarbon,success,False
https://wp.pl,https://www.websitecarbon.com/website/wp-pl/,wp-pl,0.11935231612343,0.066383758227854,0.0002416038787923,10000.0,2026-06-21T16:59:16.275298+00:00,websitecarbon,success,False
https://adjust.com,https://www.websitecarbon.com/website/adjust-com/,adjust-com,0.37409299160913,0.208070521933,0.0007572732623666,10000.0,2026-06-21T16:58:52.346479+00:00,websitecarbon,success,False
https://otto.de,https://www.websitecarbon.com/website/otto-de/,otto-de,0.27437007540185,0.15260463593851,0.0005554050109349,10000.0,2026-06-21T16:59:23.258449+00:00,websitecarbon,success,False
https://kick.com,https://www.websitecarbon.com/website/kick-com/,kick-com,0.49298377142795,0.27419757366823,0.0012219708454795,10000.0,2026-06-21T16:57:18.027943+00:00,websitecarbon,success,False
https://openstreetmap.org,https://www.websitecarbon.com/website/openstreetmap-org/,openstreetmap-org,0.12275292530004,0.068275177051882,0.0003042706567794,10000.0,2026-06-21T16:59:24.697066+00:00,websitecarbon,success,False
https://nikkei.com,https://www.websitecarbon.com/website/nikkei-com/,nikkei-com,0.26459059727937,0.14716529020679,0.0005356084965169,10000.0,2026-06-21T16:59:17.674051+00:00,websitecarbon,success,False
https://yieldmo.com,https://www.websitecarbon.com/website/yieldmo-com/,yieldmo-com,1.4582676821035,0.81108848478599,0.0036146435150877,10000.0,2026-06-21T16:59:25.977174+00:00,websitecarbon,success,False
https://prnewswire.com,https://www.websitecarbon.com/website/prnewswire-com/,prnewswire-com,0.34604134914353,0.19246819839363,0.0008577410951256,10000.0,2026-06-21T16:59:47.809845+00:00,websitecarbon,success,False
https://zoom.com,https://www.websitecarbon.com/website/zoom-com/,zoom-com,0.90358076202683,0.50257161983932,0.0018291108543053,10000.0,2026-06-21T17:00:23.514216+00:00,websitecarbon,success,False
https://allegro.pl,https://www.websitecarbon.com/website/allegro-pl/,allegro-pl,0.011554818420112,0.0064267900052664,2.864120900631e-05,10000.0,2026-06-21T17:00:24.589063+00:00,websitecarbon,success,False
https://myspace.com,https://www.websitecarbon.com/website/myspace-com/,myspace-com,0.70240796202496,0.39067930847828,0.0017410756722093,10000.0,2026-06-21T17:00:25.049958+00:00,websitecarbon,success,False
https://fiverr.com,https://www.websitecarbon.com/website/fiverr-com/,fiverr-com,0.32281384593877,0.17954906111114,0.000800166518893,10000.0,2026-06-21T17:00:26.008246+00:00,websitecarbon,success,False
https://gumgum.com,https://www.websitecarbon.com/website/gumgum-com/,gumgum-com,1.382197260146,0.76877811609322,0.0027979701622389,10000.0,2026-06-21T17:00:11.800795+00:00,websitecarbon,success,False
https://wattpad.com,https://www.websitecarbon.com/website/wattpad-com/,wattpad-com,0.94355688618701,0.52480634009721,0.0021347440863959,10000.0,2026-06-21T17:00:55.275538+00:00,websitecarbon,success,False
https://mlb.com,https://www.websitecarbon.com/website/mlb-com/,mlb-com,1.9532114392656,1.0863762025195,0.0048414726248011,10000.0,2026-06-21T16:59:20.193005+00:00,websitecarbon,success,False
https://people.com,https://www.websitecarbon.com/website/people-com/,people-com,0.24583519560425,0.13673353579508,0.0006093576690182,10000.0,2026-06-21T17:00:56.697495+00:00,websitecarbon,success,False
https://washington.edu,https://www.websitecarbon.com/website/washington-edu/,washington-edu,0.58057362844972,0.32291505214373,0.0014390819510445,10000.0,2026-06-21T17:00:51.435688+00:00,websitecarbon,success,False
https://hbr.org,https://www.websitecarbon.com/website/hbr-org/,hbr-org,0.59047333669011,0.32842126986704,0.0011952901552431,10000.0,2026-06-21T17:00:58.146636+00:00,websitecarbon,success,False
https://theverge.com,https://www.websitecarbon.com/website/theverge-com/,theverge-com,0.46285712865139,0.25744113495591,0.0011472952044569,10000.0,2026-06-21T18:58:58.346663+00:00,websitecarbon,success,False
https://shopee.com.br,https://www.websitecarbon.com/website/shopee-com-br/,shopee-com-br,0.23914282105956,0.13301123707333,0.0004840947794728,10000.0,2026-06-21T18:59:08.487700+00:00,websitecarbon,success,False
https://a-mo.net,https://www.websitecarbon.com/website/a-mo-net/,a-mo-net,0.0001050402671098,5.842339656651e-05,2.1263211965561e-07,10000.0,2026-06-21T18:59:09.992482+00:00,websitecarbon,success,False
https://ameblo.jp,https://www.websitecarbon.com/website/ameblo-jp/,ameblo-jp,0.39522609296814,0.21982475290888,0.0008000528197735,10000.0,2026-06-21T18:58:59.875754+00:00,websitecarbon,success,False
https://apnews.com,https://www.websitecarbon.com/website/apnews-com/,apnews-com,0.54461111134221,0.30291270012854,0.0013499407866038,10000.0,2026-06-21T18:59:27.912265+00:00,websitecarbon,success,False
https://moloco.com,https://www.websitecarbon.com/website/moloco-com/,moloco-com,0.43622733159643,0.24262964183393,0.0008830512785352,10000.0,2026-06-21T18:59:20.442362+00:00,websitecarbon,success,False
https://wpguardian.com,https://www.websitecarbon.com/website/wpguardian-com/,wpguardian-com,0.1193494382841,0.066382157573619,0.0002958343508653,10000.0,2026-06-21T18:59:47.984652+00:00,websitecarbon,success,False
https://welt.de,https://www.websitecarbon.com/website/welt-de/,welt-de,0.15869291814789,0.088265001073857,0.0003212407249957,10000.0,2026-06-21T18:59:42.450810+00:00,websitecarbon,success,False
https://sedo.com,https://www.websitecarbon.com/website/sedo-com-us/,sedo-com-us,0.25493175568059,0.14179304250954,0.0006319055333733,10000.0,2026-06-21T19:00:37.905406+00:00,websitecarbon,success,False
https://wpguardian.io,https://www.websitecarbon.com/website/wpguardian-com/,wpguardian-com,0.1193494382841,0.066382157573619,0.0002958343508653,10000.0,2026-06-21T19:00:41.777980+00:00,websitecarbon,success,False
https://disneyplus.com,https://www.websitecarbon.com/website/disneyplus-com-en-gb/,disneyplus-com-en-gb,0.26788561042026,0.14899797651575,0.0005422785636037,10000.0,2026-06-21T19:01:06.941208+00:00,websitecarbon,success,False
https://bild.de,https://www.websitecarbon.com/website/bild-de/,bild-de,0.34245596774574,0.19047400926018,0.0006932307039387,10000.0,2026-06-21T19:01:57.651559+00:00,websitecarbon,success,False
https://mixpanel.com,https://www.websitecarbon.com/website/mixpanel-com-home/,mixpanel-com-home,0.27194680790235,0.15125681455529,0.0006740811564959,10000.0,2026-06-21T19:02:19.359330+00:00,websitecarbon,success,False
https://ddnss.de,https://www.websitecarbon.com/website/ddnss-de/,ddnss-de,0.026846020569094,0.01493175664053,5.4344171192497e-05,10000.0,2026-06-21T19:02:20.868753+00:00,websitecarbon,success,False
https://mayoclinic.org,https://www.websitecarbon.com/website/mayoclinic-org/,mayoclinic-org,0.19767067274172,0.10994442817894,0.0004001430622302,10000.0,2026-06-21T19:02:05.736180+00:00,websitecarbon,success,False
https://princeton.edu,https://www.websitecarbon.com/website/princeton-edu/,princeton-edu,0.25556171939895,0.14214342832969,0.0005173314157873,10000.0,2026-06-21T19:02:39.811467+00:00,websitecarbon,success,False
https://thenai.org,https://www.websitecarbon.com/website/thenai-org/,thenai-org,2.8085980281746,1.5621422232707,0.0069617401342839,10000.0,2026-06-21T19:02:54.052085+00:00,websitecarbon,success,False
https://erome.com,https://www.websitecarbon.com/website/erome-com/,erome-com,0.030786268907646,0.017123322766433,7.6310672331601e-05,10000.0,2026-06-21T19:03:21.386089+00:00,websitecarbon,success,False
https://daum.net,https://www.websitecarbon.com/website/daum-net/,daum-net,0.54964768620674,0.30571404306819,0.0011126471380703,10000.0,2026-06-21T19:02:39.737457+00:00,websitecarbon,success,False
